TCode,Name_E,Name_G,BID
0274,Fategarh ,Fategarh ,1
0289,Balianta ,Balianta ,2
0289,Balianta ,Balianta ,2
0186,Jagatsinghapur P.S.,Jagatsinghapur P.S.,3
0471,Chitrakonda ,Chitrakonda ,6
0414,Junagarh (0414),Junagarh (0414),10
0313,Sadar (0313),Sadar (0313),8
0290,Balipatna ,Balipatna ,5
0203,Salepur (0203),Salepur (0203),14
0204,Nischintakoili  (0204),Nischintakoili  (0204),15
0201,Tangi (0201),Tangi (0201),16
0202,Mahanga (0202),Mahanga (0202),17
0196,Athagad  (0196),Athagad  (0196),18
0192,Badamba (0192),Badamba (0192),19
0471,Chitrakonda (0471),Chitrakonda (0471),23
0475,Kalimela (0475),Kalimela (0475),24
0476,Podia ,Podia ,25
0476,Podia (0476),Podia (0476),23
0477,M.V. 79 ,M.V. 79 ,23
0478,Motu ,Motu ,23
0040,Jujomura P.S.(0040),Jujomura P.S.(0040),29
0044,Naktideul P.S.(0044),Naktideul P.S.(0044),30
0028,Kochinda P.S.(0028),Kochinda P.S.(0028),31
0379,Puruna Katak (0379),Puruna Katak (0379),32
0376,Manamunda (0376),Manamunda (0376),33
0377,Baunsuni (0377),Baunsuni (0377),34
0378,Baudh Sadar ,Baudh Sadar ,34
0380,Harbhanga  ,Harbhanga  ,32
0375,Kantamal,Kantamal,33
0382,Rampur (0382),Rampur (0382),35
0386,Subalaya (0386),Subalaya (0386),36
0383,Binika (0383),Binika (0383),37
0387,Sonapur (0387),Sonapur (0387),38
0388,Tarbha (0388),Tarbha (0388),39
0384,Ulunda (0384),Ulunda (0384),40
0411,Biswanathpur (0411),Biswanathpur (0411),41
0416,Dharamgarh (0416),Dharamgarh (0416),42
0042,Charamal P.S.(0042),Charamal P.S.(0042),45
0043,Rairakhol P.S.(0043),Rairakhol P.S.(0043),46
0031,Rengali P.S. (New)(0031),Rengali P.S. (New)(0031),47
0045,Sambalpur (M) P.S.(0045),Sambalpur (M) P.S.(0045),48
0041,Dhama P.S.(0041),Dhama P.S.(0041),49
0026,Govindpur P.S.(0026),Govindpur P.S.(0026),50
0143,Baleshwar Sadar P.S.(P) (0143),Baleshwar Sadar P.S.(P) (0143),51
0139,Baliapal P.S. (0139),Baliapal P.S. (0139),52
0141,Basta P.S. (0141),Basta P.S. (0141),53
0137,Bhograi P.S.(0137),Bhograi P.S.(0137),55
0151,Oupada P.S. (0151),Oupada P.S. (0151),56
0152,Khaira P.S. (0152),Khaira P.S. (0152),57
0289,Balianta ,Balianta ,4
0296,Jatani (0296),Jatani (0296),59
0448,Boriguma (0448),Boriguma (0448),84
0300,Balugaon (0300),Balugaon (0300),83
0357,Ramagiri,Ramagiri,117
0211,Gobindpur ,Gobindpur ,86
0389,Loisinga (0389),Loisinga (0389),88
0214,Cuttack (M.Corp.) P.S(0214),Cuttack (M.Corp.) P.S(0214),89
0405,Boden (0405),Boden (0405),90
0199,Khuntuni (0199),Khuntuni (0199),91
0404,Khariar (0404),Khariar (0404),92
0349,Mohana(0349),Mohana(0349),93
0156,Agarpada P.S. (0156),Agarpada P.S. (0156),94
0348,Adva,Adva,93
0389,Loisinga (0389),Loisinga (0389),95
0195,Tigiria (0195),Tigiria (0195),96
0403,Komana (0403),Komana (0403),97
0194,Banki  (0194),Banki  (0194),99
0157,Bant P.S. (0157),Bant P.S. (0157),100
0401,Jonk(0401),Jonk(0401),101
0350,R.Udayagiri(0350),R.Udayagiri(0350),102
0391,Tushura (0391),Tushura (0391),103
0403,Komana ,Komana ,90
0191,Kanpur (0191),Kanpur (0191),104
0392,Patnagarh (0392),Patnagarh (0392),105
0166,Bansada P.S. (0166),Bansada P.S. (0166),106
0202,Mahanga (0202),Mahanga (0202),107
0391,Tushura (0391),Tushura (0391),108
0161,Basudebpur P.S. (0161),Basudebpur P.S. (0161),109
0160,Bhadrak Rural P.S. (0160),Bhadrak Rural P.S. (0160),110
0029,Katarbaga P.S.(0029),Katarbaga P.S.(0029),472
0029,Katarbaga P.S.(0029),Katarbaga P.S.(0029),467
0208,Cuttack Sadar (0208),Cuttack Sadar (0208),112
0390,Balangir (0390),Balangir (0390),113
0165,Chandabali P.S. (0165),Chandabali P.S. (0165),114
0192,Badamba (0192),Badamba (0192),115
0159,Dhamanagar P.S.(0159),Dhamanagar P.S.(0159),116
0351,Serango(0351),Serango(0351),117
0393,Khaprakhol (0393),Khaprakhol (0393),118
0213,Niali  (0213),Niali  (0213),119
0167,Dhamara Marine P.S.(New)(0167),Dhamara Marine P.S.(New)(0167),120
0355,Rayagada(0355),Rayagada(0355),121
0204,Nischintakoili  (0204),Nischintakoili  (0204),122
0164,Dhusuri P.S.(0164),Dhusuri P.S.(0164),123
0203,Salepur (0203),Salepur (0203),124
0162,Naikanidihi P.S. (0162),Naikanidihi P.S. (0162),126
0193,Baidyeswar(0193),Baidyeswar(0193),127
0245,Dhenkanal Sadar (0245),Dhenkanal Sadar (0245),128
0351,Serango(0351),Serango(0351),129
0163,Tihidi P.S.(0163),Tihidi P.S.(0163),130
0352,Kashinagar(0352),Kashinagar(0352),131
0234,Kamakshyanagar (0234),Kamakshyanagar (0234),132
0353,Parlakhemundi,Parlakhemundi,129
0471,Chitrakonda ,Chitrakonda ,7
0471,Chitrakonda ,Chitrakonda ,6
0312,Chandanpur (0312),Chandanpur (0312),8
0154,Similia P.S. (0154),Similia P.S. (0154),77
0264,Athmallik (0264),Athmallik (0264),12
0153,Soro P.S.(0153),Soro P.S.(0153),78
0197,Barang  (0197),Barang  (0197),12
0213,Niali  (0213),Niali  (0213),13
0190,Narasinghpur (0190),Narasinghpur (0190),20
0195,Tigiria (0195),Tigiria (0195),21
0194,Banki  (0194),Banki  (0194),22
0468,Malkangiri (0468),Malkangiri (0468),24
0325,ASIKA (0325),ASIKA (0325),25
0336,PURUSOTTAMPUR,PURUSOTTAMPUR,25
0332,CHHATRAPUR ,CHHATRAPUR ,25
0450,Dasamantapur (0450),Dasamantapur (0450),26
0348,Adva(0348),Adva(0348),27
0349,Mohana,Mohana,27
0338,PATAPUR ,PATAPUR ,260
0028,Kochinda P.S.(0028),Kochinda P.S.(0028),43
0040,Jujomura P.S.(0040),Jujomura P.S.(0040),44
0043,Rairakhol P.S.(0043),Rairakhol P.S.(0043),45
0142,Rupsa P.S. (0142),Rupsa P.S. (0142),79
0136,Jaleswar P.S. (0136),Jaleswar P.S. (0136),80
0155,Baleshwar (M) P.S.(0155),Baleshwar (M) P.S.(0155),81
0039,Kisinda P.S.(0039),Kisinda P.S.(0039),82
0044,Naktideul P.S.,Naktideul P.S.,82
0447,Kotpad (0447),Kotpad (0447),85
0353,Parlakhemundi,Parlakhemundi,131
0200,Choudwar (0200),Choudwar (0200),133
0246,Palalahada (0246),Palalahada (0246),146
0357,Ramagiri,Ramagiri,102
0396,Saintala (0396),Saintala (0396),134
0256,Banarpal (0256),Banarpal (0256),135
0212,Olatapur ,Olatapur ,86
0357,Ramagiri,Ramagiri,121
0356,Garabandha,Garabandha,121
0378,Baudh Sadar (0378),Baudh Sadar (0378),136
0258,Anugul (0258),Anugul (0258),137
0380,Harbhanga  (0380),Harbhanga  (0380),138
0047,Barkot P.S.(0047),Barkot P.S.(0047),139
0264,Athmallik (0264),Athmallik (0264),140
0206,Kishannagar P.S. ,Kishannagar P.S. ,89
0375,Kantamal(0375),Kantamal(0375),141
0047,Barkot P.S.(0047),Barkot P.S.(0047),142
0263,Kishorenagar (0263),Kishorenagar (0263),144
0049,Reamal P.S.(P)(0049),Reamal P.S.(P)(0049),145
0261,Chhendipada  (0261),Chhendipada  (0261),146
0048,Kundheigola P.S.,Kundheigola P.S.,145
0011,Bargarh(0011),Bargarh(0011),147
0157,Bant P.S. (0157),Bant P.S. (0157),148
0160,Bhadrak Rural P.S. (0160),Bhadrak Rural P.S. (0160),149
0380,Harbhanga  (0380),Harbhanga  (0380),150
0161,Basudebpur P.S. (0161),Basudebpur P.S. (0161),151
0252,Talcher Sadar (0252),Talcher Sadar (0252),152
0046,Debagarh P.S.(0046),Debagarh P.S.(0046),153
0158,Bhandari Pokhari P.S. (0158),Bhandari Pokhari P.S. (0158),154
0165,Chandabali P.S. (0165),Chandabali P.S. (0165),155
0379,Puruna Katak ,Puruna Katak ,150
0376,Manamunda ,Manamunda ,141
0159,Dhamanagar P.S.(0159),Dhamanagar P.S.(0159),156
0240,Motunga (0240),Motunga (0240),157
0196,Athagad  ,Athagad  ,91
0163,Tihidi P.S.(0163),Tihidi P.S.(0163),158
0252,Talcher Sadar (0252),Talcher Sadar (0252),159
0162,Naikanidihi P.S. ,Naikanidihi P.S. ,151
0198,Gurudijhatia ,Gurudijhatia ,91
0234,Kamakshyanagar (0234),Kamakshyanagar (0234),160
0156,Agarpada P.S. ,Agarpada P.S. ,148
0166,Bansada P.S. ,Bansada P.S. ,155
0167,Dhamara Marine P.S.(New),Dhamara Marine P.S.(New),155
0249,Kaniha(0249),Kaniha(0249),161
0475,Kalimela (0475),Kalimela (0475),389
0395,Belpara (0395),Belpara (0395),163
0190,Narasinghpur ,Narasinghpur ,104
0233,Parajang (0233),Parajang (0233),164
0203,Salepur (0203),Salepur (0203),112
0237,Gandia (0237),Gandia (0237),166
0400,Titlagarh (0400),Titlagarh (0400),167
0236,Bhuban (0236),Bhuban (0236),169
0389,Loisinga (0389),Loisinga (0389),170
0203,Salepur ,Salepur ,122
0400,Titlagarh (0400),Titlagarh (0400),171
0205,Nemalo ,Nemalo ,122
0268,Bantala (0268),Bantala (0268),172
0399,Sindhekela (0399),Sindhekela (0399),173
0014,Ambabhona(0014),Ambabhona(0014),174
0013,Bhatli(0013),Bhatli(0013),175
0010,Bheden(0010),Bheden(0010),176
0394,Turekela (0394),Turekela (0394),177
0009,Barapali(0009),Barapali(0009),178
0267,Purunakot,Purunakot,137
0008,Bijepur(0008),Bijepur(0008),179
0007,Sohela(0007),Sohela(0007),180
0206,Kishannagar P.S. ,Kishannagar P.S. ,122
0268,Bantala ,Bantala ,137
0005,Gaisilet(0005),Gaisilet(0005),181
0003,Padmapur(0003),Padmapur(0003),182
0265,Kiakata ,Kiakata ,140
0266,Thakurgarh ,Thakurgarh ,140
0290,Balipatna ,Balipatna ,4
0392,Patnagarh (0392),Patnagarh (0392),183
0002,Jharbandha(0002),Jharbandha(0002),185
0255,NALCO   ,NALCO   ,135
0340,BRAHMAPUR SADAR ,BRAHMAPUR SADAR ,260
0317,Puri (M) P.S.,Puri (M) P.S.,8
0313,Sadar ,Sadar ,9
0206,Kishannagar P.S. ,Kishannagar P.S. ,124
0015,Attabira(0015),Attabira(0015),186
0207,Jagatpur  ,Jagatpur  ,124
0393,Khaprakhol ,Khaprakhol ,163
0194,Banki  ,Banki  ,127
0207,Jagatpur  ,Jagatpur  ,133
0012,Bargarh Sadar,Bargarh Sadar,147
0389,Loisinga ,Loisinga ,165
0281,Bolagad (0281),Bolagad (0281),187
0391,Tushura ,Tushura ,165
0006,Melchhamunda,Melchhamunda,181
0201,Tangi ,Tangi ,133
0399,Sindhekela ,Sindhekela ,167
0259,Jarapada ,Jarapada ,146
0006,Melchhamunda,Melchhamunda,180
0006,Melchhamunda,Melchhamunda,182
0004,Burden,Burden,182
0260,Industrial  ,Industrial  ,146
0390,Balangir ,Balangir ,170
0396,Saintala ,Saintala ,171
0250,N.T.P.C.  ,N.T.P.C.  ,161
0248,Rengali Damsite ,Rengali Damsite ,161
0251,Samal Barrage ,Samal Barrage ,161
0399,Sindhekela ,Sindhekela ,171
0397,Kantabanji ,Kantabanji ,171
0262,Handapa ,Handapa ,144
0397,Kantabanji ,Kantabanji ,177
0143,Baleshwar Sadar P.S.(P) ,Baleshwar Sadar P.S.(P) ,81
0253,Colliery ,Colliery ,159
0136,Jaleswar P.S. (0136),Jaleswar P.S. (0136),188
0254,Bikrampur,Bikrampur,159
0136,Jaleswar P.S. (0136),Jaleswar P.S. (0136),189
0398,Bangomunda ,Bangomunda ,173
0282,Begunia (0282),Begunia (0282),60
0235,Kankadahad (0235),Kankadahad (0235),191
0245,Dhenkanal Sadar ,Dhenkanal Sadar ,157
0238,Nihalprasad ,Nihalprasad ,166
0239,Tumusingha ,Tumusingha ,160
0234,Kamakshyanagar ,Kamakshyanagar ,164
0234,Kamakshyanagar ,Kamakshyanagar ,169
0235,Kankadahad ,Kankadahad ,132
0233,Parajang ,Parajang ,132
0282,Begunia ,Begunia ,187
0448,Boriguma (0448),Boriguma (0448),190
0234,Kamakshyanagar ,Kamakshyanagar ,191
0233,Parajang ,Parajang ,191
0459,Boipariguda (0459),Boipariguda (0459),192
0144,Sahadevkhunta P.S.(New),Sahadevkhunta P.S.(New),51
0138,Kamarda P.S. (New),Kamarda P.S. (New),55
0147,Bampada P.S. ,Bampada P.S. ,61
0155,Baleshwar (M) P.S.,Baleshwar (M) P.S.,61
0149,Nilagiri P.S. ,Nilagiri P.S. ,56
0135,Raibania P.S. ,Raibania P.S. ,189
0142,Rupsa P.S. ,Rupsa P.S. ,53
0160,Bhadrak Rural P.S. ,Bhadrak Rural P.S. ,148
0411,Biswanathpur (0411),Biswanathpur (0411),249
0166,Bansada P.S. ,Bansada P.S. ,151
0313,Sadar (0313),Sadar (0313),193
0141,Basta P.S. ,Basta P.S. ,51
0164,Dhusuri P.S.,Dhusuri P.S.,155
0333,GANJAM (0333),GANJAM (0333),194
0064,Bisra P.S.(0064),Bisra P.S.(0064),209
0071,Kamarposh Balang P.S.(0071),Kamarposh Balang P.S.(0071),210
0076,Banei P.S.(0076),Banei P.S.(0076),211
0100,Anandapur P.S.(0100),Anandapur P.S.(0100),212
0084,Bamebari P.S. (New)(0084),Bamebari P.S. (New)(0084),213
0080,Barbil P.S.(0080),Barbil P.S.(0080),214
0087,Baria P.S.(0087),Baria P.S.(0087),214
0085,Champua P.S.(0085),Champua P.S.(0085),215
0099,Ghasipura P.S.(0099),Ghasipura P.S.(0099),216
0096,Ghatgaon P.S.(0096),Ghatgaon P.S.(0096),217
0097,Harichandanpur P.S.(0097),Harichandanpur P.S.(0097),218
0086,Jhumpura P.S.(P) (New)(0086),Jhumpura P.S.(P) (New)(0086),219
0083,Joda P.S.(0083),Joda P.S.(0083),220
0090,Kendujhar Sadar P.S.(0090),Kendujhar Sadar P.S.(0090),221
0102,Nandipada P.S.(0102),Nandipada P.S.(0102),222
0054,Sundargarh Town P.S.(0054),Sundargarh Town P.S.(0054),223
0023,Badmal P.S. (New)(0023),Badmal P.S. (New)(0023),224
0092,Nayakote P.S.(0092),Nayakote P.S.(0092),225
0089,Patana P.S.(0089),Patana P.S.(0089),226
0094,Telkoi P.S.(0094),Telkoi P.S.(0094),227
0093,Kanjipani P.S.,Kanjipani P.S.,225
0103,Sainkul P.S.,Sainkul P.S.,216
0095,Pandapara P.S.,Pandapara P.S.,217
0283,Khordha(0283),Khordha(0283),228
0095,Pandapara P.S.,Pandapara P.S.,218
0297,Jankia ,Jankia ,228
0098,Daitari P.S.,Daitari P.S.,218
0284,Khurda Sadar ,Khurda Sadar ,228
0101,Soso P.S.,Soso P.S.,222
0175,Nikirai ,Nikirai ,68
0080,Barbil P.S.,Barbil P.S.,220
0081,Bolani P.S.(New),Bolani P.S.(New),220
0179,Mahakalapada ,Mahakalapada ,66
0084,Bamebari P.S. (New),Bamebari P.S. (New),220
0082,Rugudi P.S.(New),Rugudi P.S.(New),220
0091,Kendujhar Town P.S.,Kendujhar Town P.S.,221
0088,Turumunga P.S.,Turumunga P.S.,226
0084,Bamebari P.S. (New),Bamebari P.S. (New),230
0086,Jhumpura P.S.(P) (New)(0086),Jhumpura P.S.(P) (New)(0086),230
0087,Baria P.S.,Baria P.S.,230
0055,Sundargarh  P.S.  (0055),Sundargarh  P.S.  (0055),231
0186,Jagatsinghapur P.S.(0186),Jagatsinghapur P.S.(0186),232
0441,Paparahandi (0441),Paparahandi (0441),338
0112,Badampahar P.S.(0112),Badampahar P.S.(0112),339
0477,M.V. 79 (0477),M.V. 79 (0477),25
0468,Malkangiri (0468),Malkangiri (0468),26
0147,Bampada P.S. ,Bampada P.S. ,51
0179,Mahakalapada (0179),Mahakalapada (0179),70
0145,Chandipur P.S. ,Chandipur P.S. ,51
0140,Singla P.S. ,Singla P.S. ,53
0142,Rupsa P.S. ,Rupsa P.S. ,51
0140,Singla P.S. ,Singla P.S. ,51
0350,R.Udayagiri,R.Udayagiri,117
0378,Baudh Sadar ,Baudh Sadar ,150
0027,Mahulpalli P.S.,Mahulpalli P.S.,43
0100,Anandapur P.S.,Anandapur P.S.,222
0085,Champua P.S.,Champua P.S.,230
0269,Gania (0269),Gania (0269),477
0087,Baria P.S.,Baria P.S.,215
0187,Biridi P.S.(New)(0187),Biridi P.S.(New)(0187),234
0323,SURADA (0323),SURADA (0323),270
0409,Narala ,Narala ,242
0339,SERAGAD (0339),SERAGAD (0339),271
0329,KODALA (0329),KODALA (0329),283
0340,BRAHMAPUR SADAR (0340),BRAHMAPUR SADAR (0340),284
0332,CHHATRAPUR (0332),CHHATRAPUR (0332),285
0338,PATAPUR (0338),PATAPUR (0338),286
0322,GANGAPUR ,GANGAPUR ,237
0319,BUGUDA ,BUGUDA ,237
0031,Rengali P.S. (New)(0031),Rengali P.S. (New)(0031),458
0321,BHANJANAGAR ,BHANJANAGAR ,240
0302,Bhubaneswar (M.Corp.) P.S.,Bhubaneswar (M.Corp.) P.S.,59
0336,PURUSOTTAMPUR,PURUSOTTAMPUR,244
0340,BRAHMAPUR SADAR ,BRAHMAPUR SADAR ,244
0327,KABISURYANAGAR ,KABISURYANAGAR ,246
0297,Jankia ,Jankia ,60
0283,Khordha,Khordha,60
0331,RAMBHA ,RAMBHA ,263
0332,CHHATRAPUR ,CHHATRAPUR ,263
0318,TARASINGI,TARASINGI,268
0324,BADAGADA ,BADAGADA ,270
0322,GANGAPUR ,GANGAPUR ,270
0324,BADAGADA ,BADAGADA ,271
0325,ASIKA ,ASIKA ,271
0340,BRAHMAPUR SADAR ,BRAHMAPUR SADAR ,271
0337,HINJILI ,HINJILI ,271
0322,GANGAPUR ,GANGAPUR ,273
0069,Lathikata P.S.(0069),Lathikata P.S.(0069),203
0453,Bandhugaon (0453),Bandhugaon (0453),294
0065,Bondamunda P.S.,Bondamunda P.S.,209
0301,Banapur ,Banapur ,83
0299,Tangi ,Tangi ,83
0067,Raghunathapali P.S.,Raghunathapali P.S.,209
0079,Raurkela (ITS)P.S.,Raurkela (ITS)P.S.,209
0078,Raurkela (M) P.S.,Raurkela (M) P.S.,209
0075,Tikaetpali P.S.,Tikaetpali P.S.,211
0071,Kamarposh Balang P.S.,Kamarposh Balang P.S.,200
0077,Mahulapada P.S.,Mahulapada P.S.,202
0142,Rupsa P.S. (0142),Rupsa P.S. (0142),287
0062,Biramitrapur P.S.(0062),Biramitrapur P.S.(0062),208
0041,Dhama P.S.(0041),Dhama P.S.(0041),288
0061,Raiboga P.S.,Raiboga P.S.,208
0032,Sasan P.S.,Sasan P.S.,288
0052,Bhasma P.S.,Bhasma P.S.,206
0053,Dharuadihi P.S.(New),Dharuadihi P.S.(New),206
0319,BUGUDA ,BUGUDA ,273
0332,CHHATRAPUR ,CHHATRAPUR ,274
0292,Airfield (Kapila Prasad) ,Airfield (Kapila Prasad) ,289
0327,KABISURYANAGAR ,KABISURYANAGAR ,274
0337,HINJILI ,HINJILI ,274
0344,NUAGAON ,NUAGAON ,275
0285,Chandaka ,Chandaka ,289
0294,Khandagiri ,Khandagiri ,289
0291,Lingaraj ,Lingaraj ,289
0342,GOLANTHARA ,GOLANTHARA ,277
0288,Mancheswar ,Mancheswar ,289
0286,Nandankanan ,Nandankanan ,289
0287,Saheednagar ,Saheednagar ,289
0063,Hatibari P.S.(0063),Hatibari P.S.(0063),197
0295,Tamando ,Tamando ,289
0322,GANGAPUR ,GANGAPUR ,278
0324,BADAGADA ,BADAGADA ,278
0027,Mahulpalli P.S.(0027),Mahulpalli P.S.(0027),293
0450,Dasamantapur (0450),Dasamantapur (0450),295
0299,Tangi (0299),Tangi (0299),291
0297,Jankia ,Jankia ,291
0298,Nirakarpur ,Nirakarpur ,291
0343,DIGAPAHANDI ,DIGAPAHANDI ,284
0342,GOLANTHARA ,GOLANTHARA ,284
0334,CHAMAKHANDI ,CHAMAKHANDI ,285
0345,JARADA (0345),JARADA (0345),292
0068,Tangarapali P.S.(0068),Tangarapali P.S.(0068),207
0450,Dasamantapur (0450),Dasamantapur (0450),296
0451,Lakshmipur(0451),Lakshmipur(0451),297
0454,Kakiriguma ,Kakiriguma ,297
0452,Narayanpatana (0452),Narayanpatana (0452),298
0466,Pottangi (0466),Pottangi (0466),299
0455,Koraput (0455),Koraput (0455),300
0456,Koraput Town ,Koraput Town ,300
0051,Lephripara P.S.(0051),Lephripara P.S.(0051),204
0228,Badachana P.S. (P)(0228),Badachana P.S. (P)(0228),301
0358,Gochhapada ,Gochhapada ,343
0458,Kundura (0458),Kundura (0458),360
0228,Badachana P.S. (P)(0228),Badachana P.S. (P)(0228),360
0112,Badampahar P.S.(0112),Badampahar P.S.(0112),361
0458,Kundura (0458),Kundura (0458),362
0032,Sasan P.S.(0032),Sasan P.S.(0032),363
0041,Dhama P.S.(0041),Dhama P.S.(0041),456
0220,Jajapur Road P.S.(P) ,Jajapur Road P.S.(P) ,375
0219,Jakhapura P.S.(New),Jakhapura P.S.(New),375
0222,Panikoili P.S.(P) (New),Panikoili P.S.(P) (New),375
0437,Umarkote (0437),Umarkote (0437),395
0105,Bahalda P.S.(0105),Bahalda P.S.(0105),364
0126,Baisinga P.S.(0126),Baisinga P.S.(0126),365
0279,Sarankul (0279),Sarankul (0279),452
0478,Motu ,Motu ,25
0208,Cuttack Sadar (0208),Cuttack Sadar (0208),11
0148,Remuna P.S. (0148),Remuna P.S. (0148),61
0171,Aali (0171),Aali (0171),62
0176,Derabish (0176),Derabish (0176),63
0034,Burla P.S.(0034),Burla P.S.(0034),64
0035,Dhanupali P.S.(0035),Dhanupali P.S.(0035),65
0170,Jamboo Marine  (0170),Jamboo Marine  (0170),66
0033,Hirakud P.S.(0033),Hirakud P.S.(0033),67
0173,Kendrapara (Urban)(0173),Kendrapara (Urban)(0173),68
0174,Kendrapara Sadar  (0174),Kendrapara Sadar  (0174),69
0178,Marsaghai (0178),Marsaghai (0178),71
0175,Nikirai (0175),Nikirai (0175),72
0026,Govindpur P.S.(0026),Govindpur P.S.(0026),453
0172,Pattamundai (0172),Pattamundai (0172),74
0168,Rajkanika (0168),Rajkanika (0168),75
0169,Rajnagar(0169),Rajnagar(0169),76
0174,Kendrapara Sadar  ,Kendrapara Sadar  ,68
0173,Kendrapara (Urban),Kendrapara (Urban),69
0058,Baragaon P.S.(0058),Baragaon P.S.(0058),195
0074,Gurundia P.S.(0074),Gurundia P.S.(0074),196
0370,Belaghar ,Belaghar ,321
0050,Hemgir P.S.(0050),Hemgir P.S.(0050),198
0412,Sadar (0412),Sadar (0412),251
0072,Koida P.S.(0072),Koida P.S.(0072),200
0059,Kutra P.S.(0059),Kutra P.S.(0059),201
0073,Lahunipara P.S.(0073),Lahunipara P.S.(0073),202
0118,Baripada Sadar P.S.(0118),Baripada Sadar P.S.(0118),446
0256,Banarpal (0256),Banarpal (0256),146
0060,Rajagangapur P.S.(0060),Rajagangapur P.S.(0060),205
0055,Sundargarh  P.S.  (0055),Sundargarh  P.S.  (0055),206
0029,Katarbaga P.S.(0029),Katarbaga P.S.(0029),458
0030,Thelkoloi  P.S. (New)(0030),Thelkoloi  P.S. (New)(0030),458
0275,Nayagarh (0275),Nayagarh (0275),447
0272,Nuagaon (0272),Nuagaon (0272),448
0032,Sasan P.S.(0032),Sasan P.S.(0032),367
0153,Soro P.S.(0153),Soro P.S.(0153),54
0278,Odagaon (0278),Odagaon (0278),449
0259,Jarapada (0259),Jarapada (0259),137
0444,Nabarangapur,Nabarangapur,451
0249,Kaniha(0249),Kaniha(0249),466
0397,Kantabanji ,Kantabanji ,173
0126,Baisinga P.S.,Baisinga P.S.,408
0228,Badachana P.S. (P),Badachana P.S. (P),356
0119,Baripada Town P.S.,Baripada Town P.S.,370
0003,Padmapur(0003),Padmapur(0003),179
0043,Rairakhol P.S.,Rairakhol P.S.,454
0027,Mahulpalli P.S.,Mahulpalli P.S.,455
0042,Charamal P.S.(0042),Charamal P.S.(0042),454
0028,Kochinda P.S.(0028),Kochinda P.S.(0028),455
0414,Junagarh ,Junagarh ,238
0040,Jujomura P.S.(0040),Jujomura P.S.(0040),457
0032,Sasan P.S.(0032),Sasan P.S.(0032),478
0044,Naktideul P.S.(0044),Naktideul P.S.(0044),459
0038,Jamankira P.S.(0038),Jamankira P.S.(0038),461
0408,Madanpur Rampur ,Madanpur Rampur ,242
0412,Sadar ,Sadar ,242
0201,Tangi (0201),Tangi (0201),112
0032,Sasan P.S.(0032),Sasan P.S.(0032),458
0043,Rairakhol P.S.(0043),Rairakhol P.S.(0043),459
0435,Raighar (0435),Raighar (0435),465
0028,Kochinda P.S.,Kochinda P.S.,461
0037,Sadar P.S.,Sadar P.S.,457
0390,Balangir ,Balangir ,165
0444,Nabarangapur(0444),Nabarangapur(0444),462
0381,Dunguripali ,Dunguripali ,38
0435,Raighar (0435),Raighar (0435),463
0412,Sadar ,Sadar ,253
0413,Kegaon ,Kegaon ,253
0042,Charamal P.S.(0042),Charamal P.S.(0042),464
0043,Rairakhol P.S.,Rairakhol P.S.,464
0140,Singla P.S. ,Singla P.S. ,52
0284,Khurda Sadar ,Khurda Sadar ,60
0416,Dharamgarh ,Dharamgarh ,253
0416,Dharamgarh ,Dharamgarh ,255
0414,Junagarh ,Junagarh ,255
0415,Golamunda ,Golamunda ,255
0154,Similia P.S. ,Similia P.S. ,57
0246,Palalahada (0246),Palalahada (0246),162
0388,Tarbha ,Tarbha ,38
0175,Nikirai (0175),Nikirai (0175),466
0382,Rampur ,Rampur ,37
0387,Sonapur ,Sonapur ,36
0032,Sasan P.S.,Sasan P.S.,456
0104,Tiring P.S.,Tiring P.S.,364
0111,Rairangpur P.S.,Rairangpur P.S.,364
0108,Gorumahisani P.S.,Gorumahisani P.S.,364
0113,Jashipur P.S.,Jashipur P.S.,366
0110,Bisoi P.S.,Bisoi P.S.,366
0122,Chandua P.S.,Chandua P.S.,366
0120,Koliana P.S.,Koliana P.S.,366
0109,Jharpokharia P.S.,Jharpokharia P.S.,366
0129,Khunta P.S.,Khunta P.S.,374
0126,Baisinga P.S.,Baisinga P.S.,374
0118,Baripada Sadar P.S.,Baripada Sadar P.S.,374
0127,Betanati P.S.,Betanati P.S.,374
0134,Baripada (M) P.S.,Baripada (M) P.S.,370
0122,Chandua P.S.,Chandua P.S.,370
0333,GANJAM (0333),GANJAM (0333),235
0091,Kendujhar Town P.S.,Kendujhar Town P.S.,225
0088,Turumunga P.S.(0088),Turumunga P.S.(0088),236
0325,ASIKA (0325),ASIKA (0325),237
0416,Dharamgarh (0416),Dharamgarh (0416),238
0182,Kujang P.S.(0182),Kujang P.S.(0182),239
0320,JAGANNATH PRASAD (0320),JAGANNATH PRASAD (0320),240
0188,Naugaon P.S.(0188),Naugaon P.S.(0188),241
0407,Kesinga (0407),Kesinga (0407),242
0181,Paradeep Lock P.S. (New)(0181),Paradeep Lock P.S. (New)(0181),243
0337,HINJILI (0337),HINJILI (0337),244
0408,Madanpur Rampur (0408),Madanpur Rampur (0408),245
0328,POLASARA (0328),POLASARA (0328),246
0180,Paradip P.S. (0180),Paradip P.S. (0180),247
0185,Tirtol P.S. (0185),Tirtol P.S. (0185),250
0089,Patana P.S.,Patana P.S.,236
0337,HINJILI (0337),HINJILI (0337),260
0414,Junagarh (0414),Junagarh (0414),252
0093,Kanjipani P.S.,Kanjipani P.S.,227
0415,Golamunda (0415),Golamunda (0415),253
0417,Kokasara (0417),Kokasara (0417),255
0089,Patana P.S.,Patana P.S.,217
0418,Jayapatna (0418),Jayapatna (0418),256
0419,Thuamul Rampur (0419),Thuamul Rampur (0419),258
0099,Ghasipura P.S.,Ghasipura P.S.,212
0184,Ersama P.S. (0184),Ersama P.S. (0184),261
0183,Abhyachandpur P.S. (New),Abhyachandpur P.S. (New),261
0333,GANJAM (0333),GANJAM (0333),263
0419,Thuamul Rampur (0419),Thuamul Rampur (0419),264
0100,Anandapur P.S.,Anandapur P.S.,216
0186,Jagatsinghapur P.S.(0186),Jagatsinghapur P.S.(0186),266
0321,BHANJANAGAR (0321),BHANJANAGAR (0321),268
0181,Paradeep Lock P.S. (New),Paradeep Lock P.S. (New),239
0180,Paradip P.S. ,Paradip P.S. ,239
0408,Madanpur Rampur (0408),Madanpur Rampur (0408),269
0423,Bishamakatak(0423),Bishamakatak(0423),272
0321,BHANJANAGAR (0321),BHANJANAGAR (0321),273
0336,PURUSOTTAMPUR(0336),PURUSOTTAMPUR(0336),274
0343,DIGAPAHANDI (0343),DIGAPAHANDI (0343),275
0319,BUGUDA (0319),BUGUDA (0319),276
0344,NUAGAON (0344),NUAGAON (0344),277
0326,DHARAKOTE (0326),DHARAKOTE (0326),278
0327,KABISURYANAGAR (0327),KABISURYANAGAR (0327),279
0143,Baleshwar Sadar P.S.(P) (0143),Baleshwar Sadar P.S.(P) (0143),280
0342,GOLANTHARA (0342),GOLANTHARA (0342),281
0143,Baleshwar Sadar P.S.(P) ,Baleshwar Sadar P.S.(P) ,61
0330,KHALIKOTE (0330),KHALIKOTE (0330),282
0340,BRAHMAPUR SADAR ,BRAHMAPUR SADAR ,281
0302,Bhubaneswar (M.Corp.) P.S.(0302),Bhubaneswar (M.Corp.) P.S.(0302),289
0037,Sadar P.S.,Sadar P.S.,290
0293,Uttara ,Uttara ,289
0230,Binjharpur P.S. (P)(0230),Binjharpur P.S. (P)(0230),307
0218,Kalinganagar P.S. (P)(0218),Kalinganagar P.S. (P)(0218),306
0225,Dharmasala P.S. (P)(0225),Dharmasala P.S. (P)(0225),307
0221,Korai P.S. (0221),Korai P.S. (0221),308
0227,Kuakhia P.S.  (New)(0227),Kuakhia P.S.  (New)(0227),309
0232,Mangalpur P.S. (0232),Mangalpur P.S. (0232),310
0224,Jajpur Sadar P.S. (P) (New)(0224),Jajpur Sadar P.S. (P) (New)(0224),311
0222,Panikoili P.S.(P) (New)(0222),Panikoili P.S.(P) (New)(0222),312
0438,Chandahandi (0438),Chandahandi (0438),313
0229,Balichandrapur P.S. (P)(0229),Balichandrapur P.S. (P)(0229),314
0440,Dabugan (0440),Dabugan (0440),315
0439,Jharigan  (0439),Jharigan  (0439),316
0127,Betanati P.S.,Betanati P.S.,370
0216,Tomka P.S.(0216),Tomka P.S.(0216),318
0443,Kosagumuda (0443),Kosagumuda (0443),319
0128,Barsahi P.S.,Barsahi P.S.,370
0369,Tumudibandha (0369),Tumudibandha (0369),321
0226,Jenapur P.S. (P) (New)(0226),Jenapur P.S. (P) (New)(0226),322
0120,Koliana P.S.,Koliana P.S.,370
0220,Jajapur Road P.S.(P) (0220),Jajapur Road P.S.(P) (0220),324
0373,Daringbadi(0373),Daringbadi(0373),325
0422,Chandrapur (0422),Chandrapur (0422),326
0432,Gudari (0432),Gudari (0432),327
0362,G.Udayagiri (0362),G.Udayagiri (0362),328
0219,Jakhapura P.S.(New)(0219),Jakhapura P.S.(New)(0219),329
0123,Suliapada P.S.,Suliapada P.S.,370
0361,Khajuripada (0361),Khajuripada (0361),331
0444,Nabarangapur(0444),Nabarangapur(0444),332
0424,Kalyanasingpur (0424),Kalyanasingpur (0424),333
0108,Gorumahisani P.S.(0108),Gorumahisani P.S.(0108),334
0425,Kashipur (0425),Kashipur (0425),335
0222,Panikoili P.S.(P) (New)(0222),Panikoili P.S.(P) (New)(0222),336
0105,Bahalda P.S.(0105),Bahalda P.S.(0105),340
0368,Nuagaon (0368),Nuagaon (0368),341
0430,Seskhal (0430),Seskhal (0430),342
0366,Phiringia  (0366),Phiringia  (0366),343
0126,Baisinga P.S.(0126),Baisinga P.S.(0126),344
0421,Muniguda (0421),Muniguda (0421),345
0121,Bangiriposi P.S.(0121),Bangiriposi P.S.(0121),346
0433,Padmapur (0433),Padmapur (0433),347
0122,Chandua P.S.,Chandua P.S.,411
0447,Kotpad (0447),Kotpad (0447),349
0431,Gunupur (0431),Gunupur (0431),350
0134,Baripada (M) P.S.(0134),Baripada (M) P.S.(0134),351
0374,Raikia (0374),Raikia (0374),352
0363,Tikabali (0363),Tikabali (0363),353
0429,Rayagada (0429),Rayagada (0429),354
0111,Rairangpur P.S.,Rairangpur P.S.,361
0118,Baripada Sadar P.S.,Baripada Sadar P.S.,410
0372,Brahmanigaon,Brahmanigaon,325
0127,Betanati P.S.,Betanati P.S.,410
0030,Thelkoloi  P.S. (New)(0030),Thelkoloi  P.S. (New)(0030),358
0029,Katarbaga P.S.(0029),Katarbaga P.S.(0029),369
0126,Baisinga P.S.,Baisinga P.S.,376
0218,Kalinganagar P.S. (P)(0218),Kalinganagar P.S. (P)(0218),371
0274,Fategarh (0274),Fategarh (0274),433
0420,Ambadala ,Ambadala ,345
0225,Dharmasala P.S. (P)(0225),Dharmasala P.S. (P)(0225),373
0132,Sharata P.S.,Sharata P.S.,374
0221,Korai P.S. (0221),Korai P.S. (0221),375
0392,Patnagarh ,Patnagarh ,118
0115,Ghagarbeda P.S. (New),Ghagarbeda P.S. (New),409
0111,Rairangpur P.S.(0111),Rairangpur P.S.(0111),355
0032,Sasan P.S.(0032),Sasan P.S.(0032),379
0215,Sukinda (0215),Sukinda (0215),380
0032,Sasan P.S.,Sasan P.S.,47
0029,Katarbaga P.S.,Katarbaga P.S.,47
0460,Machh kund (0460),Machh kund (0460),381
0030,Thelkoloi  P.S. (New),Thelkoloi  P.S. (New),47
0365,Sarangagarh ,Sarangagarh ,341
0392,Patnagarh ,Patnagarh ,163
0431,Gunupur ,Gunupur ,330
0115,Ghagarbeda P.S. (New)(0115),Ghagarbeda P.S. (New)(0115),383
0227,Kuakhia P.S.  (New)(0227),Kuakhia P.S.  (New)(0227),384
0232,Mangalpur P.S. (0232),Mangalpur P.S. (0232),385
0224,Jajpur Sadar P.S. (P) (New)(0224),Jajpur Sadar P.S. (P) (New)(0224),386
0463,Similiguda (0463),Similiguda (0463),387
0468,Malkangiri (0468),Malkangiri (0468),388
0133,Mahuldiha P.S.,Mahuldiha P.S.,406
0229,Balichandrapur P.S. (P),Balichandrapur P.S. (P),356
0446,Khatiguda (0446),Khatiguda (0446),391
0216,Tomka P.S.,Tomka P.S.,371
0129,Khunta P.S.(0129),Khunta P.S.(0129),320
0132,Sharata P.S.,Sharata P.S.,431
0226,Jenapur P.S. (P) (New),Jenapur P.S. (P) (New),373
0231,Bari - Ramachandrapur P.S.(New),Bari - Ramachandrapur P.S.(New),357
0383,Binika ,Binika ,38
0037,Sadar P.S.,Sadar P.S.,456
0128,Barsahi P.S.,Barsahi P.S.,376
0125,Rasagobindapur P.S.,Rasagobindapur P.S.,376
0118,Baripada Sadar P.S.,Baripada Sadar P.S.,376
0124,Muruda P.S.,Muruda P.S.,376
0110,Bisoi P.S.,Bisoi P.S.,445
0112,Badampahar P.S.,Badampahar P.S.,445
0121,Bangiriposi P.S.,Bangiriposi P.S.,377
0130,Udala P.S.,Udala P.S.,431
0133,Mahuldiha P.S.,Mahuldiha P.S.,431
0113,Jashipur P.S.,Jashipur P.S.,412
0117,Thakurmunda P.S.,Thakurmunda P.S.,412
0128,Barsahi P.S.,Barsahi P.S.,320
0130,Udala P.S.,Udala P.S.,320
0118,Baripada Sadar P.S.,Baripada Sadar P.S.,411
0119,Baripada Town P.S.,Baripada Town P.S.,411
0109,Jharpokharia P.S.,Jharpokharia P.S.,411
0121,Bangiriposi P.S.,Bangiriposi P.S.,411
0107,Rairangpur Town P.S.,Rairangpur Town P.S.,361
0125,Rasagobindapur P.S.,Rasagobindapur P.S.,410
0123,Suliapada P.S.,Suliapada P.S.,410
0113,Jashipur P.S.,Jashipur P.S.,409
0127,Betanati P.S.,Betanati P.S.,408
0124,Muruda P.S.,Muruda P.S.,408
0129,Khunta P.S.,Khunta P.S.,446
0130,Udala P.S.,Udala P.S.,446
0120,Koliana P.S.,Koliana P.S.,446
0121,Bangiriposi P.S.,Bangiriposi P.S.,443
0120,Koliana P.S.,Koliana P.S.,443
0122,Chandua P.S.,Chandua P.S.,443
0116,Karanjia P.S.,Karanjia P.S.,444
0113,Jashipur P.S.,Jashipur P.S.,444
0118,Baripada Sadar P.S.,Baripada Sadar P.S.,407
0124,Muruda P.S.,Muruda P.S.,407
0122,Chandua P.S.,Chandua P.S.,407
0132,Sharata P.S.,Sharata P.S.,406
0116,Karanjia P.S.,Karanjia P.S.,406
0105,Bahalda P.S.,Bahalda P.S.,404
0131,Kaptipada P.S.,Kaptipada P.S.,402
0129,Khunta P.S.,Khunta P.S.,402
0153,Soro P.S.,Soro P.S.,81
0182,Kujang P.S.,Kujang P.S.,261
0184,Ersama P.S. ,Ersama P.S. ,239
0444,Nabarangapur(0444),Nabarangapur(0444),382
0429,Rayagada ,Rayagada ,342
0430,Seskhal (0430),Seskhal (0430),466
0430,Seskhal ,Seskhal ,354
0434,Puttasing ,Puttasing ,330
0185,Tirtol P.S. ,Tirtol P.S. ,239
0433,Padmapur ,Padmapur ,330
0121,Bangiriposi P.S.(0121),Bangiriposi P.S.(0121),366
0118,Baripada Sadar P.S.(0118),Baripada Sadar P.S.(0118),370
0119,Baripada Town P.S.(0119),Baripada Town P.S.(0119),372
0128,Barsahi P.S.(0128),Barsahi P.S.(0128),374
0217,Kaliapani P.S. (New),Kaliapani P.S. (New),380
0127,Betanati P.S.(0127),Betanati P.S.(0127),397
0436,Kundei (0436),Kundei (0436),398
0474,Orkel (0474),Orkel (0474),399
0476,Podia (0476),Podia (0476),400
0127,Betanati P.S.(0127),Betanati P.S.(0127),376
0367,Baliguda (0367),Baliguda (0367),317
0110,Bisoi P.S.(0110),Bisoi P.S.(0110),377
0460,Machh kund (0460),Machh kund (0460),401
0122,Chandua P.S.(0122),Chandua P.S.(0122),378
0219,Jakhapura P.S.(New),Jakhapura P.S.(New),373
0130,Udala P.S.(0130),Udala P.S.(0130),402
0463,Similiguda (0463),Similiguda (0463),403
0468,Malkangiri (0468),Malkangiri (0468),390
0104,Tiring P.S.(0104),Tiring P.S.(0104),404
0469,Mathili (0469),Mathili (0469),392
0463,Similiguda (0463),Similiguda (0463),405
0117,Thakurmunda P.S.(0117),Thakurmunda P.S.(0117),406
0468,Malkangiri (0468),Malkangiri (0468),394
0364,Chakapada (0364),Chakapada (0364),323
0123,Suliapada P.S.(0123),Suliapada P.S.(0123),407
0470,Mudulipada (0470),Mudulipada (0470),396
0125,Rasagobindapur P.S.(0125),Rasagobindapur P.S.(0125),408
0114,Raruan P.S.(0114),Raruan P.S.(0114),409
0371,Kotagarh (0371),Kotagarh (0371),337
0124,Muruda P.S.(0124),Muruda P.S.(0124),410
0360,Phulabani Town  (0360),Phulabani Town  (0360),348
0120,Koliana P.S.(0120),Koliana P.S.(0120),411
0116,Karanjia P.S.(0116),Karanjia P.S.(0116),412
0270,Dasapalla  (0270),Dasapalla  (0270),413
0274,Fategarh (0274),Fategarh (0274),414
0474,Orkel ,Orkel ,394
0445,Tentulikhunti (0445),Tentulikhunti (0445),415
0269,Gania (0269),Gania (0269),416
0471,Chitrakonda ,Chitrakonda ,399
0473,Jodamba ,Jodamba ,399
0472,Paparmetla ,Paparmetla ,399
0477,M.V. 79 ,M.V. 79 ,400
0455,Koraput (0455),Koraput (0455),418
0478,Motu ,Motu ,400
0273,Khandapada (0273),Khandapada (0273),419
0227,Kuakhia P.S.  (New),Kuakhia P.S.  (New),373
0455,Koraput (0455),Koraput (0455),422
0231,Bari - Ramachandrapur P.S.(New),Bari - Ramachandrapur P.S.(New),373
0469,Mathili ,Mathili ,396
0273,Khandapada (0273),Khandapada (0273),430
0131,Kaptipada P.S.(0131),Kaptipada P.S.(0131),431
0385,Biramaharajpur ,Biramaharajpur ,36
0381,Dunguripali ,Dunguripali ,35
0395,Belpara ,Belpara ,118
0269,Gania (0269),Gania (0269),434
0242,Balimi (0242),Balimi (0242),168
0455,Koraput (0455),Koraput (0455),437
0378,Baudh Sadar (0378),Baudh Sadar (0378),141
0400,Titlagarh ,Titlagarh ,134
0460,Machh kund (0460),Machh kund (0460),438
0471,Chitrakonda ,Chitrakonda ,394
0462,Nandapur (0462),Nandapur (0462),439
0461,Padua ,Padua ,439
0106,Jamda P.S.(New)(0106),Jamda P.S.(New)(0106),440
0129,Khunta P.S.(0129),Khunta P.S.(0129),441
0457,Jeypur (0457),Jeypur (0457),442
0109,Jharpokharia P.S.(0109),Jharpokharia P.S.(0109),443
0114,Raruan P.S.(0114),Raruan P.S.(0114),444
0446,Khatiguda ,Khatiguda ,415
0111,Rairangpur P.S.(0111),Rairangpur P.S.(0111),445
0359,Phulabani ,Phulabani ,348
0376,Manamunda (0376),Manamunda (0376),143
0118,Baripada Sadar P.S.,Baripada Sadar P.S.,320
0119,Baripada Town P.S.,Baripada Town P.S.,320
0183,Abhyachandpur P.S. (New)(0183),Abhyachandpur P.S. (New)(0183),266
0225,Dharmasala P.S. (P),Dharmasala P.S. (P),356
0231,Bari - Ramachandrapur P.S.(New),Bari - Ramachandrapur P.S.(New),356
0226,Jenapur P.S. (P) (New),Jenapur P.S. (P) (New),356
0230,Binjharpur P.S. (P),Binjharpur P.S. (P),357
0224,Jajpur Sadar P.S. (P) (New),Jajpur Sadar P.S. (P) (New),357
0225,Dharmasala P.S. (P),Dharmasala P.S. (P),357
0229,Balichandrapur P.S. (P),Balichandrapur P.S. (P),357
0215,Sukinda ,Sukinda ,371
0221,Korai P.S. ,Korai P.S. ,371
0222,Panikoili P.S.(P) (New),Panikoili P.S.(P) (New),371
0227,Kuakhia P.S.  (New),Kuakhia P.S.  (New),371
0226,Jenapur P.S. (P) (New),Jenapur P.S. (P) (New),371
0230,Binjharpur P.S. (P),Binjharpur P.S. (P),385
0224,Jajpur Sadar P.S. (P) (New),Jajpur Sadar P.S. (P) (New),385
0232,Mangalpur P.S. ,Mangalpur P.S. ,386
0263,Kishorenagar (0263),Kishorenagar (0263),137
0261,Chhendipada  (0261),Chhendipada  (0261),137
0118,Baripada Sadar P.S.(0118),Baripada Sadar P.S.(0118),443
0043,Rairakhol P.S.,Rairakhol P.S.,461
0177,Patkura (0177),Patkura (0177),73
0292,Airfield (Kapila Prasad) ,Airfield (Kapila Prasad) ,59
0285,Chandaka ,Chandaka ,59
0470,Mudulipada ,Mudulipada ,392
0388,Tarbha ,Tarbha ,37
0385,Biramaharajpur ,Biramaharajpur ,40
0230,Binjharpur P.S. (P),Binjharpur P.S. (P),386
0231,Bari - Ramachandrapur P.S.(New),Bari - Ramachandrapur P.S.(New),386
0222,Panikoili P.S.(P) (New),Panikoili P.S.(P) (New),386
0227,Kuakhia P.S.  (New),Kuakhia P.S.  (New),386
0227,Kuakhia P.S.  (New),Kuakhia P.S.  (New),375
0224,Jajpur Sadar P.S. (P) (New),Jajpur Sadar P.S. (P) (New),375
0224,Jajpur Sadar P.S. (P) (New),Jajpur Sadar P.S. (P) (New),384
0222,Panikoili P.S.(P) (New),Panikoili P.S.(P) (New),384
0226,Jenapur P.S. (P) (New),Jenapur P.S. (P) (New),384
0219,Jakhapura P.S.(New),Jakhapura P.S.(New),380
0218,Kalinganagar P.S. (P),Kalinganagar P.S. (P),380
0226,Jenapur P.S. (P) (New),Jenapur P.S. (P) (New),380
0432,Gudari ,Gudari ,347
0431,Gunupur ,Gunupur ,347
0426,Andirakanch ,Andirakanch ,335
0427,Tikiri ,Tikiri ,335
0119,Baripada Town P.S.,Baripada Town P.S.,446
0278,Odagaon (0278),Odagaon (0278),452
0404,Khariar ,Khariar ,90
0208,Cuttack Sadar ,Cuttack Sadar ,89
0117,Thakurmunda P.S.,Thakurmunda P.S.,431
0134,Baripada (M) P.S.,Baripada (M) P.S.,402
0424,Kalyanasingpur ,Kalyanasingpur ,342
0423,Bishamakatak,Bishamakatak,342
0431,Gunupur ,Gunupur ,342
0421,Muniguda ,Muniguda ,272
0428,Doraguda ,Doraguda ,335
0203,Salepur ,Salepur ,133
0426,Andirakanch ,Andirakanch ,333
0430,Seskhal ,Seskhal ,333
0423,Bishamakatak,Bishamakatak,333
0432,Gudari ,Gudari ,350
0206,Kishannagar P.S. ,Kishannagar P.S. ,107
0168,Rajkanika ,Rajkanika ,62
0171,Aali ,Aali ,75
0423,Bishamakatak,Bishamakatak,327
0262,Handapa (0262),Handapa (0262),137
0402,Nuapada,Nuapada,97
0362,G.Udayagiri ,G.Udayagiri ,323
0363,Tikabali ,Tikabali ,323
0367,Baliguda ,Baliguda ,325
0363,Tikabali ,Tikabali ,328
0374,Raikia ,Raikia ,328
0367,Baliguda ,Baliguda ,341
0373,Daringbadi,Daringbadi,341
0359,Phulabani ,Phulabani ,331
0369,Tumudibandha ,Tumudibandha ,337
0402,Nuapada,Nuapada,101
0358,Gochhapada ,Gochhapada ,348
0363,Tikabali ,Tikabali ,352
0373,Daringbadi,Daringbadi,352
0367,Baliguda ,Baliguda ,321
0266,Thakurgarh (0266),Thakurgarh (0266),137
0174,Kendrapara Sadar  ,Kendrapara Sadar  ,71
0177,Patkura ,Patkura ,71
0440,Dabugan ,Dabugan ,316
0200,Choudwar (0200),Choudwar (0200),112
0208,Cuttack Sadar ,Cuttack Sadar ,86
0442,Kodinga ,Kodinga ,319
0445,Tentulikhunti ,Tentulikhunti ,451
0446,Khatiguda ,Khatiguda ,451
0442,Kodinga ,Kodinga ,338
0276,Itamati ,Itamati ,447
0477,M.V. 79 ,M.V. 79 ,389
0327,KABISURYANAGAR ,KABISURYANAGAR ,283
0330,KHALIKOTE ,KHALIKOTE ,283
0329,KODALA ,KODALA ,246
0338,PATAPUR ,PATAPUR ,271
0325,ASIKA ,ASIKA ,278
0343,DIGAPAHANDI ,DIGAPAHANDI ,260
0338,PATAPUR ,PATAPUR ,275
0318,TARASINGI,TARASINGI,240
0381,Dunguripali ,Dunguripali ,37
0035,Dhanupali P.S.,Dhanupali P.S.,456
0113,Jashipur P.S.,Jashipur P.S.,377
0112,Badampahar P.S.,Badampahar P.S.,377
0128,Barsahi P.S.,Barsahi P.S.,441
0130,Udala P.S.,Udala P.S.,441
0112,Badampahar P.S.,Badampahar P.S.,440
0111,Rairangpur P.S.,Rairangpur P.S.,440
0105,Bahalda P.S.,Bahalda P.S.,440
0104,Tiring P.S.,Tiring P.S.,440
0301,Banapur (0301),Banapur (0301),58
0474,Orkel ,Orkel ,396
0201,Tangi ,Tangi ,89
0433,Padmapur ,Padmapur ,327
0422,Chandrapur ,Chandrapur ,327
0197,Barang  (0197),Barang  (0197),112
0044,Naktideul P.S.(0044),Naktideul P.S.(0044),464
0174,Kendrapara Sadar  ,Kendrapara Sadar  ,74
0032,Sasan P.S.,Sasan P.S.,457
0362,G.Udayagiri ,G.Udayagiri ,353
0365,Sarangagarh ,Sarangagarh ,353
0374,Raikia ,Raikia ,353
0175,Nikirai ,Nikirai ,74
0202,Mahanga ,Mahanga ,124
0211,Gobindpur ,Gobindpur ,119
0176,Derabish ,Derabish ,71
0277,Nayagarh Sadar ,Nayagarh Sadar ,447
0108,Gorumahisani P.S.,Gorumahisani P.S.,445
0339,SERAGAD ,SERAGAD ,244
0172,Pattamundai ,Pattamundai ,68
0001,Paikamal(0001),Paikamal(0001),184
0189,Balikuda P.S. (0189),Balikuda P.S. (0189),233
0056,Kinjirkela P.S.(0056),Kinjirkela P.S.(0056),199
0293,Uttara ,Uttara ,4
0383,Binika ,Binika ,35
0207,Jagatpur  ,Jagatpur  ,122
0360,Phulabani Town  (0360),Phulabani Town  (0360),465
0437,Umarkote ,Umarkote ,316
0440,Dabugan ,Dabugan ,338
0435,Raighar ,Raighar ,393
0444,Nabarangapur,Nabarangapur,415
0441,Paparahandi ,Paparahandi ,415
0440,Dabugan ,Dabugan ,395
0478,Motu ,Motu ,389
0270,Dasapalla  (0270),Dasapalla  (0270),427
0398,Bangomunda ,Bangomunda ,171
0336,PURUSOTTAMPUR,PURUSOTTAMPUR,282
0329,KODALA ,KODALA ,282
0331,RAMBHA ,RAMBHA ,282
0223,Jajapur    P.S. (P),Jajapur    P.S. (P),386
0229,Balichandrapur P.S. (P),Balichandrapur P.S. (P),373
0228,Badachana P.S. (P),Badachana P.S. (P),373
0220,Jajapur Road P.S.(P) ,Jajapur Road P.S.(P) ,384
0223,Jajapur    P.S. (P),Jajapur    P.S. (P),384
0225,Dharmasala P.S. (P),Dharmasala P.S. (P),384
0282,Begunia ,Begunia ,228
0208,Cuttack Sadar ,Cuttack Sadar ,107
0200,Choudwar ,Choudwar ,107
0197,Barang  ,Barang  ,107
0423,Bishamakatak,Bishamakatak,326
0421,Muniguda ,Muniguda ,326
0432,Gudari ,Gudari ,326
0150,Berhampur P.S. (0150),Berhampur P.S. (0150),54
0228,Badachana P.S. (P)(0228),Badachana P.S. (P)(0228),357
0377,Baunsuni (0377),Baunsuni (0377),143
0406,Sinapali (0406),Sinapali (0406),98
0243,Hindol (0243),Hindol (0243),168
0378,Baudh Sadar (0378),Baudh Sadar (0378),143
0409,Narala (0409),Narala (0409),248
0251,Samal Barrage (0251),Samal Barrage (0251),137
0353,Parlakhemundi(0353),Parlakhemundi(0353),125
0033,Hirakud P.S.(0033),Hirakud P.S.(0033),460
0252,Talcher Sadar (0252),Talcher Sadar (0252),137
0159,Dhamanagar P.S.(0159),Dhamanagar P.S.(0159),154
0406,Sinapali (0406),Sinapali (0406),90
0406,Sinapali (0406),Sinapali (0406),97
0355,Rayagada(0355),Rayagada(0355),125
0373,Daringbadi(0373),Daringbadi(0373),337
0410,Lanjigarh  (0410),Lanjigarh  (0410),249
0464,Sunabeda (0464),Sunabeda (0464),405
0107,Rairangpur Town P.S.(0107),Rairangpur Town P.S.(0107),445
0108,Gorumahisani P.S.(0108),Gorumahisani P.S.(0108),355
0107,Rairangpur Town P.S.(0107),Rairangpur Town P.S.(0107),355
0201,Tangi ,Tangi ,107
0203,Salepur ,Salepur ,107
0200,Choudwar ,Choudwar ,89
0197,Barang  ,Barang  ,89
0192,Badamba ,Badamba ,91
0230,Binjharpur P.S. (P)(0230),Binjharpur P.S. (P)(0230),368
0149,Nilagiri P.S. (0149),Nilagiri P.S. (0149),54
0046,Debagarh P.S.,Debagarh P.S.,142
0048,Kundheigola P.S.,Kundheigola P.S.,142
0046,Debagarh P.S.,Debagarh P.S.,145
0048,Kundheigola P.S.,Kundheigola P.S.,153
0049,Reamal P.S.(P),Reamal P.S.(P),153
0435,Raighar ,Raighar ,395
0319,BUGUDA ,BUGUDA ,240
0241,Bhusan Steel Limited. (0241),Bhusan Steel Limited. (0241),157
0385,Biramaharajpur (0385),Biramaharajpur (0385),35
0188,Naugaon P.S.(0188),Naugaon P.S.(0188),261
0400,Titlagarh ,Titlagarh ,173
0320,JAGANNATH PRASAD ,JAGANNATH PRASAD ,273
0323,SURADA ,SURADA ,273
0326,DHARAKOTE ,DHARAKOTE ,273
0325,ASIKA ,ASIKA ,273
0344,NUAGAON ,NUAGAON ,284
0337,HINJILI ,HINJILI ,284
0341,GOPALPUR ,GOPALPUR ,281
0418,Jayapatna (0418),Jayapatna (0418),267
0396,Saintala ,Saintala ,103
0336,PURUSOTTAMPUR,PURUSOTTAMPUR,279
0007,Sohela(0007),Sohela(0007),182
0336,PURUSOTTAMPUR,PURUSOTTAMPUR,283
0223,Jajapur    P.S. (P),Jajapur    P.S. (P),385
0322,GANGAPUR ,GANGAPUR ,276
0321,BHANJANAGAR ,BHANJANAGAR ,276
0174,Kendrapara Sadar  ,Kendrapara Sadar  ,63
0175,Nikirai ,Nikirai ,63
0177,Patkura ,Patkura ,63
0173,Kendrapara (Urban),Kendrapara (Urban),63
0244,Rasol (0244),Rasol (0244),168
0250,N.T.P.C.  (0250),N.T.P.C.  (0250),159
0267,Purunakot(0267),Purunakot(0267),159
0113,Jashipur P.S.(0113),Jashipur P.S.(0113),435
0280,Ranapur (0280),Ranapur (0280),450
0185,Tirtol P.S. (0185),Tirtol P.S. (0185),266
0210,C.R.R.I. (0210),C.R.R.I. (0210),89
0382,Rampur (0382),Rampur (0382),36
0387,Sonapur (0387),Sonapur (0387),40
0220,Jajapur Road P.S.(P) (0220),Jajapur Road P.S.(P) (0220),371
0209,Kandarpur(0209),Kandarpur(0209),89
0219,Jakhapura P.S.(New)(0219),Jakhapura P.S.(New)(0219),371
0216,Tomka P.S.(0216),Tomka P.S.(0216),384
0216,Tomka P.S.(0216),Tomka P.S.(0216),380
0076,Banei P.S.(0076),Banei P.S.(0076),203
0076,Banei P.S.(0076),Banei P.S.(0076),196
0076,Banei P.S.(0076),Banei P.S.(0076),206
0076,Banei P.S.(0076),Banei P.S.(0076),202
0076,Banei P.S.(0076),Banei P.S.(0076),205
0076,Banei P.S.(0076),Banei P.S.(0076),201
0076,Banei P.S.(0076),Banei P.S.(0076),195
0076,Banei P.S.(0076),Banei P.S.(0076),199
0076,Banei P.S.(0076),Banei P.S.(0076),204
0076,Banei P.S.(0076),Banei P.S.(0076),200
0076,Banei P.S.(0076),Banei P.S.(0076),197
0400,Titlagarh (0400),Titlagarh (0400),177
0076,Banei P.S.(0076),Banei P.S.(0076),207
0076,Banei P.S.(0076),Banei P.S.(0076),223
0076,Banei P.S.(0076),Banei P.S.(0076),209
0052,Bhasma P.S.(0052),Bhasma P.S.(0052),204
0052,Bhasma P.S.(0052),Bhasma P.S.(0052),195
0062,Biramitrapur P.S.(0062),Biramitrapur P.S.(0062),198
0062,Biramitrapur P.S.(0062),Biramitrapur P.S.(0062),205
0062,Biramitrapur P.S.(0062),Biramitrapur P.S.(0062),201
0062,Biramitrapur P.S.(0062),Biramitrapur P.S.(0062),195
0066,Brahmani Tarang P.S.(0066),Brahmani Tarang P.S.(0066),203
0066,Brahmani Tarang P.S.(0066),Brahmani Tarang P.S.(0066),208
0066,Brahmani Tarang P.S.(0066),Brahmani Tarang P.S.(0066),209
0066,Brahmani Tarang P.S.(0066),Brahmani Tarang P.S.(0066),197
0066,Brahmani Tarang P.S.(0066),Brahmani Tarang P.S.(0066),199
0066,Brahmani Tarang P.S.(0066),Brahmani Tarang P.S.(0066),198
0066,Brahmani Tarang P.S.(0066),Brahmani Tarang P.S.(0066),196
0066,Brahmani Tarang P.S.(0066),Brahmani Tarang P.S.(0066),202
0070,Chandiposh P.S.(0070),Chandiposh P.S.(0070),196
0258,Anugul (0258),Anugul (0258),135
0070,Chandiposh P.S.(0070),Chandiposh P.S.(0070),200
0071,Kamarposh Balang P.S.(0071),Kamarposh Balang P.S.(0071),211
0258,Anugul (0258),Anugul (0258),146
0056,Kinjirkela P.S.(0056),Kinjirkela P.S.(0056),204
0056,Kinjirkela P.S.(0056),Kinjirkela P.S.(0056),223
0056,Kinjirkela P.S.(0056),Kinjirkela P.S.(0056),197
0056,Kinjirkela P.S.(0056),Kinjirkela P.S.(0056),207
0257,Bhusan Steel Limited. (0257),Bhusan Steel Limited. (0257),135
0260,Industrial  (0260),Industrial  (0260),135
0259,Jarapada (0259),Jarapada (0259),135
0054,Sundargarh Town P.S.(0054),Sundargarh Town P.S.(0054),206
0249,Kaniha(0249),Kaniha(0249),135
0367,Baliguda (0367),Baliguda (0367),352
0247,Khamar (0247),Khamar (0247),162
0085,Champua P.S.(0085),Champua P.S.(0085),227
0090,Kendujhar Sadar P.S.(0090),Kendujhar Sadar P.S.(0090),227
0045,Sambalpur (M) P.S.(0045),Sambalpur (M) P.S.(0045),460
0164,Dhusuri P.S.(0164),Dhusuri P.S.(0164),156
0039,Kisinda P.S.(0039),Kisinda P.S.(0039),459
0047,Barkot P.S.(0047),Barkot P.S.(0047),153
0157,Bant P.S. (0157),Bant P.S. (0157),149
0161,Basudebpur P.S. (0161),Basudebpur P.S. (0161),149
0158,Bhandari Pokhari P.S. (0158),Bhandari Pokhari P.S. (0158),149
0160,Bhadrak Rural P.S. (0160),Bhadrak Rural P.S. (0160),158
0160,Bhadrak Rural P.S. (0160),Bhadrak Rural P.S. (0160),154
0034,Burla P.S.(0034),Burla P.S.(0034),460
0177,Patkura (0177),Patkura (0177),66
0178,Marsaghai (0178),Marsaghai (0178),66
0170,Jamboo Marine  (0170),Jamboo Marine  (0170),76
0096,Ghatgaon P.S.(0096),Ghatgaon P.S.(0096),226
0354,Gurandi(0354),Gurandi(0354),125
0356,Garabandha(0356),Garabandha(0356),125
