BID,Name_E,Name_G,HQ,DCode,TCode,MDDS_Code
1,Sadholi Kadeem,Sadholi Kadeem,Sadholi Kadeem,1,0001,1499
2,Muzzafrabad,Muzzafrabad,Muzzafrabad,1,0001,1493
3,Puwarka,Puwarka,Puwarka,1,0002,1497
4,Balliyakhare,Balliyakhare,Balliyakhare,1,0002,1490
5,Sarsawa,Sarsawa,Sarsawa,1,0003,1500
6,Nukkur,Nukkur,Nukkur,1,0003,1495
7,Gangoha,Gangoha,Gangoha,1,0003,1492
8,Rampur Maniharan,Rampur Maniharan,Rampur Maniharan,1,0004,1498
9,Nangal,Nangal,Nangal,1,0004,1494
10,Naunata,Naunata,Naunata,1,0004,1496
11,Daoband,Daoband,Daoband,1,0004,1491
12,Unn,Unn,Unn,74,0006,1438
13,Kairona,Kairona,Kairona,74,0006,1429
14,Thanabhawan,Thanabhawan,Thanabhawan,74,0007,1437
15,Shamli,Shamli,Shamli,74,0007,1436
16,Kandhla,Kandhla,Kandhla,74,0007,1430
17,Casthawal,Casthawal,Casthawal,2,0011,
18,Purkaji,Purkaji,Purkaji,2,0008,1434
19,Sadar,Sadar,Sadar,2,0008,
20,Baghra,Baghra,Baghra,2,0008,1425
21,Budana,Budana,Budana,2,0011,1426
22,Shahpur,Shahpur,Shahpur,2,0009,
23,Morna,Morna,Morna,2,0011,1432
24,Jansath,Jansath,Jansath,2,0011,1428
25,Khathauli,Khathauli,Khathauli,2,0011,1431
26,NAZIBABAD,Najibabad,Najibabad,3,0,996
27,Kiratpur,Kiratpur,Kiratpur,3,0267,993
28,CHANDAK,Chandok,Mohmadpur (D.),3,0013,
29,Haldaur,Haldaur,Haldaur,3,0016,991
30,Kotwali,Kotwali,Kotwali,3,0014,994
31,KASIMPUR GARHI,Kasimpur Garih,Afjialgarh,3,0015,
32,NATAHOR,Nehtaur,Nehtaur,3,0015,997
33,Dhampur,Dhampur,Dhampur,3,0015,990
34,SYOHARA,Seohara,Seohara,3,0015,989
35,Jalilpur,Jalilpur,Jalilpur,3,0016,992
36,Noorpur,Noorpur,Noorpur,3,0016,998
37,Thakurdwara,Thakurdwara,Thakurdwara,4,0017,1424
38,Dilhari,Dilhari,Dilhari,4,0017,1418
39,Chhajlet,Chhajlet,Chhajlet,4,0018,1417
40,Amroha,Amroha,Amroha,6,0030,1252
41,Bhagatpur Tanda,Bhagatpur Tanda,Bhagatpur Tanda,4,0019,1415
42,Moradabad Sadar,Moradabad Sadar,Moradabad Sadar,4,0019,1420
43,Dalpatpur,Dalpatpur,Dalpatpur,4,0019,
44,Dingarpur,Dingarpur,Dingarpur,4,0020,
45,Bilhari,Bilhari,Bilhari,4,0020,1416
46,Baniakhera,Baniakhera,Baniakhera,75,0022,1414
47,Asmoli,Asmoli,Asmoli,75,0021,1412
48,Panwasa,Panwasa,Panwasa,75,0021,1422
49,Sambhal,Sambhal,Sambhal,75,0021,1423
50,Bahjoi,Bahjoi,Bahjoi,75,0022,1413
51,Suwar,Suwar,Suwar,5,0023,
52,Bilaspur,Bilaspur,Bilaspur,5,0025,1484
53,Saidnagar,Saidnagar,Saidnagar,5,0026,1487
54,Chamraua,Chamraua,Chamraua,5,0026,1485
55,Shahabad,Shahabad,Shahabad,5,0027,1488
56,Milak,Milak,Milak,5,0028,1486
57,Dhanaura,Dhanaur,Dhanaur,6,0029,1253
58,Joya,Joya,Joya,6,0030,1257
59,Gajraula,Gajraula,Gajraula,6,0029,1254
60,Hasanpur,Hasanpur,Hasanpur,6,0031,1256
61,Gegesuwari,Gegesuwari,Gegesuwari,6,0031,
62,Sarurpur,Sarurpur,Sarurpur,7,0032,1399
63,Sardhna,Sardhna,Sardhna,7,0032,1398
64,DAURALA,DAURALA,Dorala,7,0032,1388
65,Mewana,Mewana,Mewana,7,0033,1393
66,Hastinapur,Hastinapur,Hastinapur,7,0033,1389
67,Parikshitgarh,Parikshitgarh,Parikshitgarh,7,0033,1395
68,Machhra,Machhra,Machhra,7,0033,1392
69,Rohta,Rohta,Rohta,7,0034,1397
70,Jaani khurd,Jaani khurd,Jaani,7,0034,1390
71,BHOORBARAL,BHOORBARAL,Merrut,7,0034,
72,Rajpura,Rajpura,Rajpura,7,0034,1396
73,Kharkhauda,Kharkhauda,Kharkhauda,7,0034,1391
74,Chapprouli,Chaprauli,Chaprauli,8,0035,891
75,Baraut,Badauth,Badauth,8,0035,889
76,Binoli,Binauli,Binauli,8,0035,890
77,Baghpat,Baghpat,Baghpat,8,0036,888
78,PILANA (PHC DAULA),Daula,Daula,8,0036,893
79,Khekra,Khekra,Khekra,8,0037,892
80,Muradnagar,Muradnagar,Muradnagar,9,0038,1134
81,Rajapur,Rajapur,Rajapur,9,0039,1135
82,Bhojpur,Bhojpur,Bhojpur,9,0038,1129
83,Loni,Loni,Loni,9,0039,1133
84,Dhaulana,Dhaulana,Dhaulana,76,0318,1130
86,Simbhawali,Simbhawali,Simbhawali,9,0041,
87,Garhmuktiaswer,Garhmuktiaswer,Garhmuktiaswer,9,0041,
88,Bisrakh,Bisrakh,Bisrakh,10,0042,1125
89,Dadri,Dadri,Dadri,10,0042,1126
90,Dankaur,Dankaur,Dankaur,10,0043,1127
91,Sikandrabad,Sikandrabad,Sikandrabad,11,0045,1030
92,Jever,Jever,Jever,10,0044,1128
93,B.B.Nagar,B.B.Nagar,B.B.Nagar,11,0047,1020
94,Gulawathi,Gulawathi,Gulawathi,11,0046,1024
95,Lakhawati,Lakhawati,Lakhawati,11,0046,1027
96,Bulandshair,Bulandshair,Bulandshair,11,0046,1021
97,Syana,Syana,Syana,11,0047,1031
98,Uchachagaon,Uchachagaon,Uchachagaon,11,0047,1032
99,Janhgirabad,Janhgirabad,Janhgirabad,11,0048,1025
100,Anoopshiar,Anoopshiar,Anoopshiar,11,0048,1018
101,Danpur,Danpur,Danpur,11,0049,1022
102,Dibai,Dibai,Dibai,11,0049,1023
103,Shikarpur,Shikarpur,Shikarpur,11,0050,1029
104,Pahasu,Pahasu,Pahasu,11,0050,1028
105,Khurza,Khurza,Khurza,11,0051,1026
106,Aerniya,Aerniya,Aerniya,11,0051,1019
107,Tappal,Tappal,Tappal,12,0052,829
108,Khair,Khair,Khair,12,0052,827
109,Chandaus,Chandaus,Chandaus,12,0053,821
110,Lodha,Lodha,Lodha,12,0055,828
111,Jawan,Jawan,Jawan,12,0053,826
112,Atrauli,Atrauli,Atrauli,12,0054,819
113,BIJAULI,Bijoli,Bijoli,12,0054,820
114,GANGEERI,Gangwri,Gangwri,12,0054,823
115,Dhanipur,Dhanipur,Dhanipur,12,0055,822
116,Akrabad,Akrabad,Akrabad,12,0055,818
117,Gonda,Gonda,Gonda,12,0056,824
118,Iglas,Iglas,Iglas,12,0056,825
119,Sasni,Sasni,Sasni,13,0057,1341
120,Sikandara Rao,Sikandara Rao,Sikandara Rao,13,0058,1343
121,Hasayan,Hasayan,Hasayan,13,0058,1337
122,Hathras,Hathras,Hathras,13,0059,1338
123,Moorsan,Moorsan,Moorsan,13,0059,1339
124,Sahabad,Sahabad,Sahabad,13,0060,1340
125,Sahpaw,Sahpaw,Sahpaw,13,0060,1342
126,Nandganv,Nandganv,Nandganv,14,0061,1376
127,Chatta,Chatta,Chatta,14,0061,1371
128,Chaumuha,Chaumuha,Chaumuha,14,0061,1370
129,Nauhjheel,Nauhjheel,Nauhjheel,14,0062,1377
130,Maat,Maat,Maat,14,0062,1374
131,Raya,Raya,Raya,14,0062,1378
132,Goverdhan,Goverdhan,Goverdhan,14,0064,1373
133,Mathura,Mathura,Mathura,14,0064,1375
134,Faraha,Faraha,Faraha,14,0064,1372
135,Baldav,Baldav,Baldav,14,0064,1369
136,Khaundali,Khaundali,Khaundali,15,0065,813
137,Atmadpur,Etmadpur,Etmadpur,15,0065,
138,Bichpuri,Bichpuri,Bichpuri,15,0066,807
139,Akola ,Akola ,Akola ,15,0066,804
140,Barauli Ahir,Barauli Ahir,Barauli Ahir,15,0066,806
141,Fatehpur Sikhri,Fatehpur Sikhri,Fatehpur Sikhri,15,0067,810
142,Achnera,Achnera,Achnera,15,0067,803
143,Jagner,Jagner,Jagner,15,0068,811
144,Kahiragarh,Kahiragarh,Kahiragarh,15,0068,
145,Sainya,Sainya,Sainya,15,0068,
146,Samshabad,Shashambad,Shashambad,15,0069,817
147,Fatehabad,Fathehabad,Fathehabad,15,0069,809
148,Pinhat,Pinhat,Pinhat,15,0070,815
149,Bah,Bahe,Bahe,15,0070,805
150,Jaitpur Kala,Jaitpur Kala,Jaitpur Kala,15,0070,812
151,Tudla,Tudla,Tudla,16,0071,1124
152,kotla,kotla,Narkhi,16,0072,
153,Usaini,Usaini,Firozabad,16,0072,
154,Aeka,Aeka,Aeka,16,0073,1117
155,Hathvent,Hathvent,Hathvent,16,0073,1119
156,Jaisrana,Jaisrana,Jaisrana,16,0073,1120
157,Dhanpur,Dhanpur,Shikohabad,16,0074,
158,Araw,Araw,Araw,16,0074,
159,Madenpur,Madenpur,Madenpur,16,0074,1121
160,Soron,Soron,Soron,72,0310,0
161,Kasganj,Kasganj,Kasganj,72,0310,1069
162,Amanpur,Amanpur,Amapur,72,0310,1064
163,Sahawar,Sahawar,Sahawar,72,0310,1073
164,Ganjdunwara,Ganjdunwara,Ganjdunwara,72,0312,1066
165,Patiyali,Patiyali,Patiyali,72,0312,1072
166,Sidhpura,Sidhpura,Sidhpura,72,0312,1076
167,Jaithra,Jaithra,Jaithra,71,0307,1067
168,Aliganj,Aliganj,Aliganj,71,0307,1063
169,Marhera,Marhera,Marhera,71,0308,1070
170,Nidholikala,Nidholikala,Nidholikala,71,0308,1071
171,Sitalpur,Sitalpur,Sitalpur,71,0308,1075
172,Sakeet,Sakeet,Sakeet,71,0308,1074
173,Jalsar,Jalsar,Jalsar,71,0309,1068
174,Awagarh,Awagarh,Awagarh,71,0309,1065
175,Ghiror,Ghiror,Ghiror,18,0075,1362
176,Kurawali,Kurawali,Kurawali,18,0075,1366
177,Mainpuri,Mainpuri,Mainpuri,18,0075,1367
178,Vernawall,Vernawall,Vernawall,18,0076,
179,Kerhal,Kerhal,Kerhal,18,0076,1364
180,Sultanganj,Sultanganj,Sultanganj,18,0077,1368
181,Bewar,Bewar,Bewar,18,0077,1361
182,Jagir,Jagir,Jagir,18,0077,1363
183,Kishani,Kishani,Kishani,18,0077,1365
184,-Extra Block (Rajpura),-Extra Block (Rajpura),Rajpura,75,0078,
185,-Extra Block (Gunnour ),-Extra Block (Gunnour ),Gunnour,75,0078,
186,-Extra Block (Junamai),-Extra Block (Junamai),Junamai,75,0078,
187,Asafpur,Asafpur,Asafpur,19,0079,1000
188,Islamnagar,Islamnagar,Islamnagar,19,0079,1005
189,Bisauli,Bisauli,Bisauli,19,0079,1001
190,WAJEEERGANJ,Vajirganj,Vajirganj,19,0079,1016
191,Sahaswan,Sahaswan,Sahaswan,19,0081,1011
192,Ambiapur,Ambiapur,Ambiapur,19,0080,999
193,Dehgawan,Dehgawan,Dehgawan,19,0081,1002
194,SALARPUR,Selarpur,Selarpur,19,0082,1012
195,Jagat,Jagat,Jagat,19,0082,1006
196,Ujhani,Ujhani,Ujhani,19,0082,1014
197,KADAR CHOWK,Qaderchowk(Kadar Chauk),Kadar Chauk,19,0082,1009
198,Samrer,Samrer(Sumrer),Sumrer,19,0083,1013
199,Dataganj,Dataganj,Dataganj,19,0083,1003
200,MYAUN,Mion(Myanu),Myanu,19,0083,1008
201,USAWAN,Ushawan,Ushawan,19,0083,1015
202,Behedi,Behedi,Behedi,20,0084,960
203,Shergarh,Shergarh,Shergarh,20,0084,973
204,Nawabganj,Nawabganj,Nawabganj,20,0088,971
205,Bhojipura,Bhojipura,Bhojipura,20,0087,962
206,Fatehganj(west),Fatehganj(west),Fatehganj(west),20,0085,967
207,Meerganj,Mirganj,Mirganj,20,0085,970
208,Kyara,Qayara,Qayara,20,0087,968
209,Ramnagar,Ramnagar,Ramnagar,20,0086,972
210,MAJHGANWA,Mejhgwan,Mejhgwan,20,0086,969
211,A.Japhrabad (Bhamora),A.Japhrabad (Bhamora),A.Japhrabad,20,0086,959
212,BithariChainpur,BithariChainpur,Bithrichainpur,20,0087,964
213,Damkhoda (Mudia Nawibux),Damkhoda,Damkhoda,20,0084,965
214,Bhadpura (Dalelnagar),Bhadpura (Dalelnagar),Bhadepura,20,0088,961
215,Bhutta (Kuandanda),Bhutta (Kuandanda),Bhutta,20,0089,963
216,Faridpur,Faridpur,Faridpur,20,0089,966
217,Amariya,Amariya,Amariya,21,0090,1439
218,Marouri,Marouri,Marouri,21,0090,1444
219,Lalualikhera,Lalualikhera,Lalualikhera,21,0090,1443
220,Berkhera,Berkhera,Berkhera,21,0091,1440
221,Bilsanda,Bilsanda,Bilsanda,21,0091,1441
222,Biselpur,Biselpur,Biselpur,21,0091,1442
223,Puranpur,Puranpur,Puranpur,21,0092,1445
224,Banda,Banda,Banda,1,0093,
225,Khutar,Khutar,Khutar,1,0093,
226,Puwaya,Puwaya,Puwaya,1,0093,
227,Sidhouli,Sidhouli,Sidhouli,1,0093,
228,Khudaganj,Khudaganj,Khudaganj,1,0094,
229,Jaitipur,Jaitipur,Jaitipur,1,0094,
230,Tilhar,Tilhar,Tilhar,1,0094,
231,Nigohi,Nigohi,Nigohi,1,0094,
232,Kanth,Kanth,Kanth,1,0095,
233,dadroul,dadroul,dadroul,1,0095,
234, Bhawalkheda, Bhawalkheda, Bhawalkheda,1,0095,
235,Kalan,Kalan,Kalan,1,0096,
236,Mirzapur,Mirzapur,Mirzapur,1,0096,
237,Jalalabad,Jalalabad,Jalalabad,1,0096,
238,Pallia,Pallia,Pallia,23,0098,1305
239,Phoolbhar,Phoolbhar,Phoolbhar,23,0101,1307
240,Ramia Behar,Ramia Behar,Ramia Behar,23,0101,1308
241,Gola,Gola,Gola,23,0099,
242,Bakeganj,Bakeganj,Bakeganj,23,0099,1294
243,Bijua,Bijua,Bijua,23,0099,1296
244,Mohamdi Kheri,Mohamdi Kheri,Mohamdi Kheri,23,0100,1302
245,Mitoli,Mitoli,Mitoli,23,0100,1301
246,Pasgawa,Pasgawa,Pasgawa,23,0100,1306
247,Behjam,Behjam,Behjam,23,0101,1295
248,Lakhimpur Kheri,Lakhimpur Kheri,Lakhimpur Kheri,23,0101,1300
249,Nighasan,Nighasan,Nighasan,23,0097,1304
250,Nakha,Nakha,Nakha,23,0101,1303
251,Dharora,Dharora,Dharora,23,0102,1297
252,Isanagar,Isanagar,Isanagar,23,0102,1298
253,Pisawan,Pisawan,Pisawan,24,0103,1564
254,Maholi,Maholi,Maholi,24,0103,1560
255,Mishirikh,Mishirikh,Mishirikh,24,0103,1561
256,Machrehta,Machrehta,Machrehta,24,0103,1558
257,Gondlamau,Gondlamau,Gondlamau,24,0108,1553
258,Aeliya,Aeliya,Aeliya,24,0104,1550
259,Hergaon,Hergaon,Hergaon,24,0104,1554
260,Persendi,Persendi,Persendi,24,0105,1563
261,Khiarabad,Khiarabad,Khiarabad,24,0104,1556
262,Laharpur,Laharpur,Laharpur,24,0105,1557
263,Behta,Behta,Behta,24,0105,1551
264,Reusa,Reusa,Reusa,24,0106,1566
265,Sakran,Sakran,Sakran,24,0106,1567
266,Biswan,Biswan,Biswan,24,0106,1552
267,Pahla,Pahla,Pahla,24,0107,1562
268,Mahmudabad,Mahmudabad,Mahmudabad,24,0107,1559
269,Rampur Mathura,Rampur Mathura,Rampur Mathura,24,0107,1565
270,Kasmanda,Kasmanda,Kasmanda,24,0108,1555
271,Sidhauli,Sidhauli,Sidhauli,24,0108,1568
272,Sahabad,Sahabad,Sahabad,25,0109,1210
273,Tondarpur,Tondarpur,Tondarpur,25,0109,1213
274,Pihani,Pihani,Pihani,25,0109,1207
275,Barkhani,Barkhani,Barkhani,25,0110,1199
276,Bawan,Bawan,Bawan,25,0113,1196
277,Harpalpur,Harpalpur,Harpalpur,25,0110,1202
278,Sandi ,Sandi ,Sandi ,25,0110,1208
279,Bilgram,Bilgram,Bilgram,25,0112,1200
280,Hariyanwa,Hariyanwa,Hariyanwa,25,0111,1201
281,Tandiyanwa,Tandiyanwa,Tandiyanwa,25,0111,1212
282,Sursa,Sursa,Sursa,25,0111,1211
283,Ahirori,Ahirori,Ahirori,25,0111,1195
284,Madhouganj,Madhouganj,Madhouganj,25,0112,1205
285,Malanwan,Malanwan,Malanwan,25,0112,1206
286,Kothanwa,Kothanwa,Kothanwa,25,0113,1204
287,Kachhuna,Kachhuna,Kachhuna,25,0113,1203
288,Behander,Behander,Behander,25,0113,1197
289,Sandila,Sandila,Sandila,25,0113,1209
290,Bharawan,Bharawan,Bharawan,25,0113,1198
291,Ganj Moardabad,Ganj Moardabad,Ganj Moardabad,26,0114,1606
292,Bagarmau,Bagarmau,Bagarmau,26,0114,1602
293,Fatehpur Chaurasi,Fatehpur Chaurasi,Fatehpur-84,26,0114,1605
294,Safipur,Safipur,Safipur,26,0114,1612
295,Auras,Auras,Auras,26,0115,1601
296,Miyaganj,Miyaganj,Miyaganj,26,0115,1609
297,Hasranganj,Hasranganj,Hasranganj,26,0115,1607
298,Nawabganj,Nawabganj,Nawabganj,26,0115,1610
299,Sikandarpur Sarosi,Sikandarpur Sarosi,S.Sirosi,26,0116,1614
300,Bichia,Bichia,Bichia,26,0116,1603
301,Achalganj,Achalganj,S.Karen,26,0116,
302,Ashoa,Ashoa,Ashoa,26,0117,1600
303,Purwa,Purwa,Purwa,26,0117,1611
304,Hilauli,Hilauli,Hiloli,26,0117,1608
305,Baghapur,Baghapur,Baghapur,26,0118,1604
306,Sumerpur,Sumerpur,Sumerpur,26,0118,1615
307,Mall,Mall,Mall,27,0119,1333
308,Malihabad,Malihabad,Malihabad,27,0119,1334
309,B.k.Talabe,B.k.Talabe,B.k.Talabe,27,0120,1329
310,Chinhat,Chinhat,Chinhat,27,0121,1330
311,Kakori,Kakori,Kakori,27,0121,1332
312,Sarojninagar,Sarojninagar,Sarojninagar,27,0121,1336
313,Gosaiganj,Gosaiganj,Gosaiganj,27,0122,1331
314,Mohanlalganj,Mohanlalganj,Mohanlalganj,27,0122,1335
315,Bachrawa,Bachrawa,Bachrawa,28,0123,
316,Shivgarh,Shivgarh,Shivgarh,28,0123,1480
317,Maharajganj,Maharajganj,Maharajganj,28,0123,1474
318,Singhpur,Singhpur,Singhpur,28,0124,
319,Tiloi,Tiloi,Tiloi,28,0124,
320,Bahadurpur,Bahadurpur,Bahadurpur,28,0124,
321,Herchandrapur,Herchandrapur,Herchandrapur,28,0125,1470
322,Amawa,Amawa,Amawa,28,0125,1463
323,Setawan,Setawan,Setawan,28,0125,
324,Rahi,Rahi,Rahi,28,0125,1475
325,Khiaro,Khiaro,Khiaro,28,0301,1472
326,Sarani,Sarani,Sarani,28,0301,1478
327,Lalganj,Lalganj,Lalganj,28,0301,1473
328,Dalamau,Dalamau,Dalamau,28,0127,1467
329,Deenshah Gora,Deenshah Gora,Deenshah Gora,28,0127,1468
330,Jagatpur,Jagatpur,Jagatpur,28,0128,1471
331,Roheniya,Roheniya,Roheniya,28,0128,1476
332,Uchahar,Uchahar,Uchahar,28,0128,1483
333,Deeh,Deeh,Deeh,28,0129,
334,Chatoh,Chatoh,Chatoh,28,0129,
335,Salon,Salon,Salon,28,0129,
336,Kayamganj,Kayamganj,Kayamganj,29,0310,1097
337,Nawabganj,Nawabganj,Nawabganj,29,0310,1100
338,Samsabad,Samsabad,Samsabad,29,0310,1102
339,Rajapur,Rajapur,Rajapur,29,0131,1101
340,Badepur,Badepur,Badepur,29,0132,1096
341,Mohamudabad,Mohamudabad,Mohamudabad,29,0132,1099
342,Kamalganj,Kamalganj,Kamalganj,29,0132,1098
343,Chibramau,Chibramau,Chibramau,30,0133,1258
344,Taalgram,Taalgram,Taalgram,30,0133,1264
345,Saurikh,Saurikh,Saurikh,30,0133,1263
346,Jalalabad,Jalalabad,Jalalabad,30,0134,1261
347,Kannauj,Kannauj,Kannauj,30,0134,1262
348,Hasaren,Hasaren,Hasaren,30,0135,1260
349,Umarda,Umarda,Umarda,30,0135,1265
350,Jaswantnagar,Jaswantnagar,Jaswantnagar,31,0136,1082
351,Saifai,Saifai,Saifai,31,0137,1084
352,Badpura,Badpura,Badpura,31,0138,1078
353,Basrehar,Basrehar,Basrehar,31,0138,1079
354,Takha,Takha,Thakha,31,0139,1085
355,Bherthna,Bherthna,Bherthna,31,0139,1080
356,Mahewa,Mahewa,Mahewa,31,0139,1083
357,Chakernagar,Chakernagar,Chakernagar,31,0140,1081
358,Eirwa Katra,Eirwa Katra,Airwa Katra,32,0141,864
359,Bidhuna,Bidhuna,Bidhuna,32,0141,863
360,Achhalda,Achhalda,Achhalda,32,0141,859
361,Sahar,Sahar,Sahar,32,0141,865
362,Ajitmal,Ajitmal,Ajitmal,32,0142,860
363,Bhagyanagar,Bhagyanagar,Bhagyanagar,32,0142,862
364,Auriya,Auriya,Auriya,32,0142,861
365,Rasulabad,Rasulabad,Rasulabad,33,0143,1273
366,Jhinjhak,Jhinjhak,Jhinjhak,33,0144,1269
367,Kakwan,Kakwan,Kakwan,34,0148,1280
368,Miatha,Miatha,Miatha,33,0145,1270
369,Derapur,Derapur,Derapur,33,0144,1268
370,Akberpur,Akberpur,Akberpur,33,0145,1266
371,Serwenkheda,Serwenkheda,Serwenkheda,33,0145,1275
372,Melasa,Melasa,Melasa,33,0146,1271
373,Amrodha,Amrodha,Amrodha,33,0146,1267
374,Sandalpur,Sandalpur,Sandalpur,33,0147,1274
375,Rajapur,Rajapur,Rajapur,33,0147,1272
376,Bilhaur,Bilhaur,Billahaur,34,0159,1277
377,Shivrajpur,Shivrajpur,Shivrajpur,34,0148,1284
378,Chobeypur,Chobeypur,Chobeypur,34,0148,1278
379,Kalyanpur,Kalyanpur,Kalyanpur,34,0149,1281
380,Bidhnu,Bidhnu,Bidhuna,34,0149,
381,Sersoul,Sersoul,Sersoul,34,0149,1283
382,Patara,Patara,Patara,34,0150,1282
383,Bheetargaon,Bheetargaon,Bheetargaon,34,0150,1276
384,Ghatampur,Ghatampur,Ghatampur,34,0150,1279
385,Rampura,Rampura,Rampura,35,0151,1222
386,Kuthnaud,Kuthnaud,Kuthnaud,35,0152,1218
387,Madhogah,Madhogah,Madhogah,35,0151,1219
388,Nadigoan,Nadigoan,Nadigoan,35,0155,1221
389,Jalaun,Jalaun,Jalaun,35,0152,1215
390,Mehewa,Mehewa,Mehewa,35,0153,1220
391,Kandora,Kandora,Kandora,35,0153,1216
392,Dakhor,Dakhor,Dakhor,35,0152,1214
393,Konch,Konch,Konch,35,0155,1217
394,Moth,Moth,Moth,36,0156,1251
395,Chirgaon,Chirgaon,Chirgaon,36,0156,1248
396,Bamaur,Bamaur,Bamaur,36,0157,1246
397,Gursaria,Gursaria,Gursaria,36,0157,1249
398,Bangra,Bangra,Bangra,36,0159,1247
399,Mauranipur,Mauranipur,Mauranipur,36,0159,1250
400,Babina,Babina,Babina,36,0160,1244
401,Bada Gaon,Bada Gaon,Bada Gaon,36,0160,1245
402,Talbath,Talbath,Talbath,37,0161,1328
403,Jakhora,Jakhora,Jakhora,37,0162,1325
404,Baar,Baar,Baar,37,0161,1323
405,Birdha,Birdha,Birdha,37,0162,1324
406,Mehroni,Mehroni,Mehroni,37,0163,1327
407,Madawara,Madawara,Madawara,37,0163,1326
408,Kurara,Kurara,Kurara,38,0164,1189
409,Sumerpur,Sumerpur,Sumerpur,38,0164,1194
410,Dhagwan,Dhagwan,Dhagwan,38,0166,
411,Gohand,Gohand,Gohand,38,0165,1188
412,Nauranga,Nauranga,Nauranga,38,0165,
413,Muskura,Muskura,Muskura,38,0167,1191
414,Moudha,Moudha,Moudha,38,0167,1190
415,Panwari,Panwari,Panwari,39,0168,1359
416,Jaitpur,Jaitpur,Jaitpur,39,0168,1357
417,Charkhari,Charkhari,Charkhari,39,0169,1356
418,Kabari,Kabari,Kabari,39,0170,1358
419,Jaspura ,Jaspura ,Jaspura ,40,0171,937
420,Tindwari,Tindwari,Tindwari,40,0171,941
421,BAROKHARKHURD,Badoukher Khurd,Badoukher Khurd,40,0171,935
422,BABEROO,Beberu,Beberu,40,0172,934
423,Kemasin,Kemasin,Kemasin,40,0172,938
424,Bisanda,Bisanda,Bisanda,40,0173,936
425,MAHUA,Mahuwa,Mahuwa,40,0173,939
426,NARAINE,Nereani,Nereani,40,0174,940
427,Pahari,Pahari,Pahari,41,0175,1045
428,Chitrakoot D.Karvi,Chitrakoot D.Karvi,Chitrakoot D.Karvi,41,0175,1042
429,Manikpur,Manikpur,Manikpur,41,0175,1043
430,Ramnagar,Ramnagar,Ramnagar,41,0176,1046
431,Mau,Mau,Mau,41,0176,1044
432,Deomai,Deomai,Deomai,42,0177,1108
433,Malwan,Malwan,Malwan,42,0177,1113
434,Amuali,Amuali,Amuali,42,0177,1104
437,Bhittora,Bhittora,Bhittora,42,0,1107
438,Khajuha,Khajuha,Khajuha,42,0177,1112
440,Asodhar,Asodhar,Asodhar,42,0196,
441,Hathgam,Hathgam,Hathgam,42,0179,
442,Aearayan,Aearayan,Aearayan,42,0179,1103
443,Vijaipur,Vijaipur,Vijaipur,42,0179,1115
444,Dhata,Dhata,Dhata,42,0179,1109
445,Sangipur,Sangipur,Sangipur,43,0269,1461
446,Lalganj,Lalganj,Lalganj,43,0269,1454
447,Rampur Sangramgarh,Rampur Sangramgarh,R.Sangramgarh,43,0180,1459
448,Babaganj,Babaganj,Babaganj,43,0181,1448
449,Laxmanpur,Laxmanpur,Lachmanpur,43,0180,1453
450,Kalakaker,Kalakaker,Kalakaker,43,0181,1451
451,Kunda,Kunda,Kunda,43,0181,1452
452,Bihar,Bihar,Bihar,43,0181,1449
453,Sandwa Chandrika,Sandwa Chandrika,S.Chandrika,43,0182,1460
454,Sadar,Sadar,Sadar,43,0182,
455,Mandhata,Mandhata,Mandhata,43,0182,1456
456,Mangraura,Mangraura,Mangora,43,0183,1455
457,Patti,Patti,Patti/Magraura,43,0183,1457
458,Aashpur Devsara,Aashpur Devsara,Aaspur Devsra,43,0183,1446
459,Shivgarh,Shivgarh,Shivgarh,43,0194,1462
460,Gaura,Gaura,Gaura,43,0194,1450
461,Kara,Kara,Kara,44,0185,1287
462,Sirthu,Sirthu,Sirthu,44,0185,1293
463,Sarswan,Sarswan,Sarswan,44,0186,1292
464,Manjhanpur,Manjhanpur,Manjhanpur,44,0186,1289
465,Kaneli,Kaneli,Kaneli,44,0186,1288
466,Muratganj,Muratganj,Muratganj,44,0187,1290
467,Chayal,Chayal,Chayal,44,0187,1286
468,Nawada,Nawada,Nawada,44,0187,1291
469,Kaudihar,Kaudihar,Kaudihar,45,0188,
470,Holagarh,Holagarh,Holagarh,45,0188,835
471,Mauaima,Mauaima,Mauaima,45,0188,842
472,Sorswan,Sorswan,Sorswan,45,0188,848
473,Bahria,Bahria,Bahria,45,0189,831
474,Fhoolpur,Fhoolpur,Fhoolpur,45,0189,
475,KOTWA,KOTWA,KOTWA,45,0189,
476,Jasra,Jasra,Jasra,45,0191,836
477,Shankergrah,Shankergrah,Shankergrah,45,0191,847
478,Chaka,Chaka,Chaka,45,0192,832
479,Kaundhiara,Kaundhiara,Kaundhiara,45,0192,
480,Karchna,Karchna,Karchna,45,0192,837
481,Pratappur,Pratappur,Pratappur,45,0193,845
482,Dhanupur,Dhanupur,Dhanupur,45,0193,833
483,Saidapur,Saidapur,Saidapur,45,0193,
484,Handia,Handia,Handia,45,0193,834
485,Meja,Meja,Meja,45,0194,843
486,Koraon,Koraon,Koraon,45,0195,840
487,Ramnagar,Ramnagar,Ramnagar,45,0194,
488,Manda,Manda,Manda,45,0194,841
489,NIDOORA,Nindura,Nindura,46,0,951
490,Fatehpur,Fatehpur,Fatehpur,46,0178,946
491,SURATGANG,Suratganj,Suratganj,46,0197,957
492,Ramnagar,Ramnagar,Ramnagar,46,0197,953
493,Dewa,Dewa,Dewa,46,0198,945
494,Banki,Banki,Banki,46,0198,943
495,Harakh,Harakh,Harakh,46,0198,948
496,Masouli,Masouli,Masouli,46,0198,949
497,Sirauli Gauspur,Sirauli Gauspur,Sirauli Gaus Pur,46,0199,956
498,Dariyabad,Dariyabad,Dariyabad,46,0200,944
499,PUREY DALOI,Puradali,Puradali,46,0200,952
500,BANIKODAR,Banikoder,Banikoder,46,0200,942
501,Mawai,Mawai,Mawai,47,0202,1090
502,SIDHHAUR,Siddhaur,Siddhaur,46,0201,955
503,TRIVENIGANG,Trivadi Ganj,Trivadi Ganj,46,0201,958
504,HAIDAR GARH,Haidergarh,Haidergarh,46,0201,947
506,KHANDASA,KHANDASA,Amaniganj,47,0203,
507,Milkipur,Milkipur,Milkipur,47,0203,1092
508,Harington ganj,Harington ganj,Harington ganj,47,0203,1088
509,Sohawal,Sohawal,Sohawal,47,0204,1094
510,Masaudha,Masaudha,Masaudha,47,0204,1089
511,Poora Bazar,Poora Bazar,Poora Bazar,47,0205,1093
512,Maya Bazar,Maya Bazar,Maya Bazar,47,0205,1091
513,Bikapur,Bikapur,Bikapur,47,0206,1087
514,Tarun,Tarun,Tarun,47,0206,1095
515,Tanda,Tanda,Tanda,48,0207,858
516,Baskhari,Baskhari,Baskhari,48,0207,851
517,Ramnagar,Ramnagar,Ramnagar,48,0208,857
518,JAHANGEERAGANJ,Jahangir Ganj,Jahangir Ganj,48,0208,854
519,Jalalpur,Jalalpur,Jalalpur,48,0209,855
520,BHIYAWAN,Bhiyaon,Bhiyaon,48,0209,853
521,Bhiti,Bhiti,Bhiti,48,0207,852
522,Katehari,Katehari,Katehari,48,0210,856
523,Akaberpur,Akaberpur,Akaberpur,48,0210,850
524,524 Extra Block,524 Extra Block,Bazar Shukl,49,0212,
525,525 Extra Block,525 Extra Block,Jagdishpur,49,0212,
526,Baldirai,Baldirai,Baldirai,49,0212,1579
527,527 Extra Block,527 Extra Block,Musafirkhana,49,0212,
528,528 Extra Block,528 Extra Block,Jamo,49,0213,
529,529 Extra Block,529 Extra Block,Shahgarah,49,0213,
530,530 Extra Block,530 Extra Block,Gauriganj,49,0213,
531,531 Extra Block,531 Extra Block,Amethi,49,0212,
532,532 Extra Block,532 Extra Block,Sangrampur,49,0212,
533,533 Extra Block,533 Extra Block,Bhetuwa,49,0212,
534,534 Extra Block,534 Extra Block,Bhadar,49,0,
535,Dhanpatganj,Dhanpatganj,Dhanpatganj,49,0215,1583
536,Kudhebhar,Kudhebhar,Kudhebhar,49,0215,1591
537,Kudwar,Kudwar,Kudwar,49,0215,1592
538,Dubeypur,Dubeypur,Dubeypur,49,0215,1585
539,Jaisinghpur,Jaisinghpur,Jaisinghpur,49,0215,1588
540,Bhadaiya,Bhadaiya,Bhadaiya,49,0217,1580
541,Lambhua,Lambhua,Lambhua,49,0217,1593
542,P.P. Kamaicha,P.P. Kamaicha,P.P. Kamaicha,49,0217,1596
543,Dostpur,Dostpur,Dostpur,49,0218,1584
544,Kadipur,Kadipur,Kadipur,49,0218,1590
545,Akhandnagar,Akhandnagar,Akhandnagar,49,0218,1577
546,Mihipurwa,Mihipurwa,Mihipurwa,50,0219,900
547,Nawabganj,Nawabganj,Nawabganj,50,0219,901
548,Balha,Balha,Balha,50,0219,894
549,Shivpur,Shivpur,Shivpur,50,0219,905
550,Risia,Risia,Risia,50,0219,904
551,Chittaura,Chittaura,Chittaura,50,0221,895
552,Mahsi,Mahsi,Mahsi,50,0220,899
553,Tejwapur,Tejwapur,Tejwapur,50,0220,906
554,Fakharpur,Fakharpur,Fakharpur,50,0222,
555,Huzoorpur,Huzoorpur,Huzoorpur,50,0222,896
556,Keaserganj,Keaserganj,Keaserganj,50,0222,898
557,Jarwal,Jarwal,Jarwal,50,0222,897
558,Bhangha,Bhangha,Bhangha,51,0223,
559,Malhipur,Malhipur,Malhipur,51,0223,
560,Sirsia,Sirsia,Sirsia,51,0223,1535
561,Gilaula,Gilaula,Gilaula,51,0224,1532
562,Ikauna,Ikauna,Ikauna,51,0224,
565,HARAIYASATDHARPA,Hariyat Dharwa,Hariyat Dharwa,52,0225,928
566,Balrampur,Balrampur,Balrampur,52,0225,925
567,Tulsipur,Tulsipur,Tulsipur,52,0226,932
568,GASANDI,Gaisandi,Gaisandi,52,0226,
569,PANCHPEDWA,Panchperwa,Panchperwa,52,0226,929
570,Sridattganj,Sridattganj,Sridattganj,52,0227,931
571,Uttroula,Uttroula,Uttroula,52,0227,933
572,GAINDASHBUZURG,Gaoras bujhurg,Gaoras bujhurg,52,0227,926
573,Reharabazar,Reharabazar,Reharabazar,52,0227,930
574,Rupaideeh,Rupaideeh,Rupaideeh,53,0228,1166
575,Itiathok,Itiathok,Itiathok,53,0228,1158
576,Pandari Kripal,Pandari Kripal,Pandari Kripal,53,0228,1164
577,Jhanjhri,Jhanjhri,Jhanjhri,53,0228,1159
578,Mujhana,Mujhana,Mujhana,53,0228,1162
579,KatraBazar,KatraBazar,KatraBazar,53,0229,1160
580,Hadhermau,Hadhermau,Hadhermau,53,0229,
581,Kernealganj,Kernealganj,Kernealganj,53,0229,
582,Parsupur,Parsupur,Parsupur,53,0229,1165
583,Belsar,Belsar,Belsar,53,0230,1154
584,Tarabganj,Tarabganj,Tarabganj,53,0230,1167
585,Wajeerganj,Wajeerganj,Wajeerganj,53,0230,1168
586,Nawabganj,Nawabganj,Nawabganj,53,0230,1163
587,Mankapur,Mankapur,Mankapur,53,0231,1161
588,Bamanjeet,Bamanjeet,Bamanjeet,53,0231,
589,Chapiya,Chapiya,Chapiya,53,0231,1155
590,Barhani,Barhani,Badani,54,0232,1537
591,Sohartgarh,Sohartgarh,Sohartgarh,54,0232,1548
592,Birdpur,Birdpur,Birdpur,54,0233,1539
593,Naugarh,Naugarh,Naugarh,54,0233,1547
594,Jogia,Jogia,Jogia,54,0232,1542
595,Uska Bazar,Uska Bazar,Uska Bazar,54,0233,1549
596,Bansi,Bansi,Bansi,54,0234,1536
597,Mithwal,Mithwal,Mithwal,54,0234,1546
598,Khesraha,Khesraha,Khesraha,54,0234,1543
599,Bhanwapur,Bhanwapur,Bhanwapur,54,0236,1538
600,Itawa,Itawa,Itawa,54,0235,1541
601,Khuniywa,Khuniywa,Khuniywa,54,0235,1544
602,Dumaria,Dumaria,Dumaria,54,0236,1540
603,Ramnagar,Ramnagar,Ramnagar,55,0237,983
604,SALTUA,Saltova,Saltova,55,0237,985
605,PARSUHRAMPUR,Paras Rampur,Paras Rampur,55,0238,982
606,Gaur,Gaur,Goura,55,0238,978
607,Harraiya,Harraiya,Harraiya,55,0238,979
608,Vikramjot,Vikramjot,Vikramjeet,55,0238,987
609,Kaptanganj,Kaptanganj,Kaptanganj,55,0238,980
610,RUDAULI,Rudhouli,Rudhouli,55,0240,984
611,Saughat,Saughat,Sahughat,55,0240,986
612,BASTI SADAR,Basti Sader,Basti Sader,55,0239,976
613,BANKATI,Bankuti,Bankuti,55,0239,975
614,BAHADURPUR,Bhadurpur,Bhadurpur,55,0239,974
615,KIDRAHA,Kudreha,Kudreha,55,0239,981
617,Mehadawal,Mehadawal,Mehadawal,56,0241,
618,Baghouli,Baghouli,Baghouli,56,0242,
619,Samriwa,Samriwa,Samriwa,56,0242,
620,Khalilabad,Khalilabad,Khalilabad,56,0242,
621,Nathnagar,Nathnagar,Nathnagar,56,0243,
622,Haisar Bazar,Haisar Bazar,Haisar Bazar,56,0243,
623,Naothnawan,Naothnawan,Naothnawan,57,0244,1350
624,Lachmipur,Lachmipur,Lachmipur,57,0244,
625,Nichlol,Nichlol,Nichlol,57,0245,1351
626,Mithora,Mithora,Mithora,57,0245,1349
627,Siswa,Siswa,Siswa,57,0245,1355
628,Barzmanganj,Barzmanganj,Barzmanganj,57,0246,
629,Dhani,Dhani,Dhani,57,0246,1345
630,Feranda,Feranda,Feranda,57,0246,
631,Campiarganj,Campiarganj,Campiarganj,58,0248,1174
632,Maharajganj,Maharajganj,Maharajganj,57,0247,1348
633,Ghaghli,Ghaghli,Ghaghli,57,0247,1346
634,Paniyara,Paniyara,Paniyara,57,0247,1352
635,Partawal,Partawal,Partawal,57,0247,1353
636,Jangle Koriya,Jangle Koriya,Jangle Koriya,58,0250,1178
637,Pali,Pali,Pali,58,0249,1182
638,Sahjanwa,Sahjanwa,Sahjanwa,58,0249,1185
639,Piprouli,Piprouli,Piprouli,58,0249,1184
640,Chirgaon,Chirgaon,Chirgaon,58,0250,
641,Bhathat,Bhathat,Bhathat,58,0250,1172
642,Pipraich,Pipraich,Pipraich,58,0250,1183
643,Sardarnagar,Sardarnagar,Sardarnagar,58,0251,1186
644,Khorabar,Khorabar,Khorabar,58,0250,1181
645,Barhmpur,Barhmpur,Barhmpur,58,0251,1173
646,Urawa,Urawa,Urawa,58,0254,1187
647,Bansgaon,Bansgaon,Bansgaon,58,0252,1169
648,KAURIRAM,KAURIRAM,Codiram,58,0252,1179
649,Gagha,Gagha,Gagha,58,0252,1176
650,Khajni,Khajni,Khajni,58,0253,1180
651,Belghat,Belghat,Belghat,58,0253,1171
652,Gola,Gola,Gola,58,0254,1177
653,Badhalganj,Badhalganj,Badhalganj,58,0254,1170
654,Khadda,Khadda,Khadda,59,0255,1314
655,Nabu Naurangia,Nabu Naurangia,Nabu Naurangia,59,0255,1316
656,Visunpura,Visunpura,Visunpura,59,0255,1322
657,Padrouna,Padrouna,Padrouna,59,0255,1317
658,Kaptanganj,Kaptanganj,Kaptanganj,59,0256,1312
659,Ramkola,Ramkola,Ramkola,59,0256,1318
660,Motichak,Motichak,Motichak,59,0256,1315
661,Sukhroli,Sukhroli,Sukhroli,59,0256,1320
662,Hata,Hata,Hata,59,0256,1311
663,Patherdewa,Patherdewa,Patherdewa,60,0259,1058
664,DESHI DEORIA,Desai Deoria,Desai Deoria,60,0259,1055
665,Kesya,Kesya,Kesya,59,0257,1313
666,Fajilnagar,Fajilnagar,Fajilnagar,59,0257,1310
667,Tamkuhi,Tamkuhi,Tamkuhi,59,0258,1321
668,Dudhai,Dudhai,Dudhai,59,0258,1309
669,Seavrahi,Seavrahi,Seavrahi,59,0258,
670,GAURIBAZAR,Goribazar,Goribazar,60,0259,1056
671,BAITALPUR,Bethalpur,Bethalpur,60,0259,1047
672,RAMPUR KARKHANA,Rampur Karkhna,Rampur Karkhna,60,0259,1059
673,Manjghgawa (DEORIA SADAR),Manjghgawa (Deoria Sader),Deoria Sader,60,0259,1054
674,RUDRAPUR,Ruderpur,Ruderpur,60,0260,1060
675,BHALUANI,Bhaluni,Bhaluni,60,0261,1051
676,Barhaz,Barhaz,Barhaz,60,0261,1049
677,BHAGALPUR,Bhagelpur,Bhagelpur,60,0262,1050
678,BHATNI,Bhattni,Bhattni,60,0262,1052
679,SALEMPUR,Selampur,Selampur,60,0262,1061
680,LAR,Laar,Laar,60,0262,1057
681,BHATPAR RANI,Bhatperrani,Bhatperrani,60,0263,1053
682,Bankata,Bankata,Bankata,60,0263,1048
683,Atraullia,Atraullia,Atraullia,61,0264,867
684,Koilsa,Koilsa,Koilsa,61,0264,872
685,Ahiraulla,Ahiraulla,Ahiraulla,61,0264,866
686,Maharajganj,Maharajganj,Maharajganj,61,0265,874
687,HARAIA,Harriya,Harriya,61,0265,870
688,BILRIAGANJ,Biliria Ganj,Biliria Ganj,61,0265,869
689,Azmatgarh,Azmatgarh,Azmatgarh,61,0265,868
690,TAHBARPUR,Tahebpur,Tahebpur,61,0267,885
691,Rani Ki Sarai,Rani Ki Sarai,Rani Ki Sarai,61,0266,883
692,Palhani,Palhani,Palhani,61,0266,880
693,SATHIYAW,Sathiyaon,Sathiyaon,61,0266,884
694,Jahanaganj,Jahanaganj,Jahanaganj,61,0266,871
695,--Extra Block (Nizamabad),--Extra Block (Nizamabad),Nizamabad,61,0267,
696,Mohamadpur,Mohamadpur,Momadpur,61,0267,878
697,Pawai,Pawai,Pawai,61,0268,881
698,Phoolpur,Phoolpur,Fhoolpur,61,0268,882
699,Martinganj,Martinganj,Martinganj,61,0268,875
700,Thekma,Thekma,Thekma,61,0126,887
701,Lalganj,Lalganj,Lalganj,61,0126,873
702,Tarwa,Tarwa,Tarwa,61,0126,886
703,Mehnagar,Mehnagar,Mehnagar,61,0270,876
704,..Extra Block (Palhana),..Extra Block (Palhana),Palhana,61,0,
705,Dohrighat,Dohrighat,Dohrighat,62,0271,1380
706,Ghoshi,Ghoshi,Ghoshi,62,0271,1382
707,Badrao,Badrao,Badrao,62,0271,1379
708,Fatehpur Mandao,Fatehpur Mandao,Fatehpur Mandao,62,0272,1381
709,Kopaganj,Kopaganj,Kopaganj,62,0176,1383
710,Pardaha,Pardaha,Pardaha,62,0176,1385
711,Ratnpura,Ratnpura,Ratnpura,62,0176,1387
712,Mohmadabad,Mohmadabad,Mohmadabad,62,0274,1384
713, Ranipur, Ranipur, Ranipur,62,0274,1386
714,Siar,Siar,Siar,63,0275,923
715,Nagra,Nagra,Nagra,63,0275,918
716,Navanagar,Navanagar,Navanagar,63,0276,919
717,Pandah,Pandah,Pandah,63,0276,920
718,Maniyar,Maniyar,Maniyar,63,0276,916
719,Garwar,Garwar,Rasra,63,0277,914
720,CHILKAHAR,Chilkaher,Chilkaher,63,0275,912
721,Rasra,Rasra,Gadwar,63,0278,921
722,Sohaw,Sohaw,Sohaw,63,0278,
723,Hanumanganj,Hanumanganj,Hanumanganj,63,0278,915
724,DUBHAD,Dubhar,Dubhar,63,0278,913
725,BELHARI,Bellhri,Bellhri,63,0280,910
726,BAIRIYA,Bearia,Bearia,63,0280,908
727,Beruarbari,Beruarbari,Beruarbari,63,0279,911
728,BANSDIH,Bansdeeh,Bansdeeh,63,0275,909
729,Reoti,Reoti(Rewti),Rewti,63,0279,922
730,MURLICHAPRA,Murlichpra,Murlichpra,63,0280,917
731,Suithakala,Suithakala,Suithakala,64,0281,1242
732,Shahganj,Shahganj,Shahganj,64,0281,1239
733,Khuthan,Khuthan,Khuthan,64,0281,1231
734,Badlapur,Badlapur,Badlapur,64,0282,1223
735,Mahrajganj,Mahrajganj,Mahrajganj,64,0282,1233
736,Baksha,Baksha,Baksha,64,0284,1224
737,Sujanganj,Sujanganj,Sujanganj,64,0283,1243
738,Mo.Badshahpur,Mo.Badshahpur,Mo.Badshahpur,64,0283,1236
739,Machhalishahar,Machhalishahar,Machhalishahar,64,0283,1232
740,Madhiyahoo,Madhiyahoo,Madhiyahoo,64,0285,
741,Barsathi,Barsathi,Barsathi,64,0285,1225
742,Sikrara,Sikrara,Sikrara,64,0284,1240
743,Karanjakala,Karanjakala,Karanjakala,64,0284,1229
744,Dharmapur,Dharmapur,Dharmapur,64,0284,1226
745,Sirkoni,Sirkoni,Sirkoni,64,0284,1241
746,Ramnagar,Ramnagar,Ramnagar,64,0285,1237
747,Rampur,Rampur,Rampur,64,0285,1238
748,Muftiganj,Muftiganj,Muftiganj,64,0286,1235
749,Jalalpur,Jalalpur,Jalalpur,64,0286,1228
750,Kerakat,Kerakat,Kerakat,64,0286,1230
751,Dobhi,Dobhi,Dobhi,64,0286,1227
752,Jakhania,Jakhania,Jakhania,65,0287,1141
753,Manihari,Manihari,Manihari,65,0287,1144
754,Mirzapur,Mirzapur,Sadat,65,0288,
755,Saidpur,Saidpur,Saidpur,65,0288,1149
756,Devkali,Devkali,Devkali,65,0288,1139
757,Birona,Birona,Birona,65,0289,
758,Mardeh,Mardeh,Mardeh,65,0287,1145
759,Sumakhar,Sumakhar,Sadar,65,0289,
760,Karanda,Karanda,Karanda,65,0289,1142
761,Kasimabad,Kasimabad,Kasimabad,65,0290,1143
762,Barachwar,Barachwar,Barachwar,65,0290,
763,Mahmudabad,Mahmudabad,Mahmudabad,65,0290,1146
764,Goduar,Goduar,Bhawerkole,65,0290,
765,Jamania,Jamania,Jamania,65,0291,
766,Rawatipur,Rawatipur,Rawatipur,65,0287,1147
767,Badhora,Badhora,Badhora,65,0287,
768,Chaniya,Chaniya,Chaniya,66,0292,1034
769,Dhanapur,Dhanapur,Dhanapur,66,0292,1037
770,Sakaldeeha,Sakaldeeha,Sakaldeeha,66,0292,1041
771,Niyamtabad,Niyamtabad,Niyamtabad,66,0293,1039
772,Chandauli,Chandauli,Chandauli,66,0293,1036
773,Barhani,Barhani,Barhani,66,0293,1033
774,Chakiya,Chakiya,Chakiya,66,0294,1035
775,Sahabganj,Sahabganj,Sahabganj,66,0294,1040
776,Naugarh,Naugarh,Naugarh,66,0294,1038
777,Badagoan,Badagoan,Badagoan,67,0295,1617
778,Pindara,Pindara,Pindara,67,0295,1622
779,Cholapur,Cholapur,Cholapur,67,0296,1619
780,Harraua,Harraua,Harraua,67,0295,1620
781,Sewapuri,Sewapuri,Sewapuri,67,0296,1623
782,Araji Lines,Araji Lines,Araji Lines,67,0296,1616
783,Kashi Vidhyapith,Kashi Vidhyapith,Kashi Vidhyapith,67,0296,1621
784,Chiraigoan,Chiraigoan,Chiraigoan,67,0296,1618
785,Suriyawa,Suriyawa,Suriyawa,68,0297,1515
786,Bhadhoi,Bhadhoi,Bhadhoi,68,0297,1512
787,Aurai,Aurai,Aurai,68,0299,1511
788,Gayanpur,Gayanpur,Gayanpur,68,0298,1514
789,Deegh,Deegh,Deegh,68,0298,1513
790,Chanve,Chanve,Chanve,69,0300,1400
791,Kone,Kone,Kone,69,0300,1403
792,Majhwan,Majhwan,Maghnawa,69,0300,1405
793,793 Extra Block,793 Extra Block,Seeto,69,0300,
794,Pahadi,Pahadi,Pahadi,69,0300,1408
795,Lalganj,Lalganj,Lalganj,69,0180,1404
796,Hallia,Hallia,Hallia,69,0180,1401
797,Patehra,Patehra,Madihan,69,0302,1409
798,Rajgarh,Rajgarh,Rajgarh,69,0303,1410
799,Seekhal,Seekhal,Seekhal,69,0303,
801,Jamalpur,Jamalpur,Jamalpur,69,0303,1402
802,Ghorahawal,Ghorahawal,Ghorahawal,70,0304,1573
803,Chopen,Chopen,Chopen,70,0305,1571
804,Ravertganj,Ravertganj,Ravertganj,70,0305,1576
805,Chatra,Chatra,Chatra,70,0305,1570
806,Nagawa,Nagawa,Nagawa,70,0305,1575
807,Myoerpur,Myoerpur,Myoerpur,70,0306,1574
808,Dudhi,Dudhi,Dudhi,70,0306,1572
809,Bhabni,Bhabni,Bhabni,70,0306,1569
830,Chunar,Chunar,Naraynpur,69,0303,
901,B.BallKher N.D.,B.BallKher N.D.,B.BallKher N.D.,43,0183,1447
902,Rudhouli,Rudhouli,Rudhouli,47,0202,954
903,Madenapur,Madenapur,Madenapur,1,0095,
904,DEBOLIYA,Dubaulia,Durboliya,55,0238,
905,Lotan,Lotan,Lotan,54,0233,1545
906,Pali,Pali,Pali,56,0243,
907,Santha,Santha,Santha,56,0241,
908,Balher Kela,Balher Kela,Balher Kela,56,0241,
909,Payagpur,Payagpur,Payagpur,50,0221,903
910,Visheshwerganj,Visheshwerganj,Visheshwerganj,50,0221,907
911,Motigerpur,Motigerpur,Motigerpur,49,0218,1594
912,TARKULWA,Terkulawa,Terkulawa,60,0259,1062
913,Gugrapur,Gugrapur,Gugrapur,30,0134,1259
914,Agosha,Agosha,Agosha,11,0046,
915,Amoli,Amoli,Amoli,68,0297,
916,Banda,Banda,Banda,22,0095,1516
917,Khutar,Khutar,Khutar,22,0095,1524
918,Puwaya,Puwaya,Puwaya,22,0095,
919,Sidhouli,Sidhouli,Sidhouli,22,0095,1529
920,Khudaganj,Khudaganj,Khudaganj,22,0095,1523
921,Jaitipur,Jaitipur,Jaitipur,22,0095,1519
922,Tilhar,Tilhar,Tilhar,22,0095,1530
923,Nigohi,Nigohi,Nigohi,22,0095,1527
924,Kanth,Kanth,Kanth,22,0095,1522
925,dadroul,dadroul,dadroul,22,0095,1518
926,Bhawalkheda,Bhawalkheda,Bhawalkheda,22,0095,1517
927,Kalan,Kalan,Kalan,22,0095,1521
928,Mirzapur,Mirzapur,Mirzapur,22,0095,1526
929,Jalalabad,Jalalabad,Jalalabad,22,0095,1520
931,Asothar,Asothar,Asothar,42,0,1105
932,Bhitaura,Bhitaura,Bhitaura,42,0178,
935,Meghakheri,Meghakheri,,2,0008,
936,Galibpur,Galibpur,,2,0010,
937,Kudana,Kudana,,74,0007,
938,REHIRA,REHIRA,,6,0,
939,PHC Mohada,PHC Mohada,,1,0003,
940,PHC Mohda,PHC Mohda,,1,0003,
941,CHC BUDANA,CHC BUDANA,,2,0009,
942,942,942,,34,0149,
943,943,943,,34,0149,
944,,,,73,00,
945,Derwa,Derwa,,58,0254,
946,Teliyani,Teliyani,,42,0178,1114
947,Mirzapur,Mirzapur,,61,0268,877
948,948 Extra Block,948 Extra Block,,64,0284,
949,Bahua,Bahua,,42,0178,1106
950,Haswa,Haswa,,42,0178,1110
951,MUSHAFIR KHANA,MUSHAFIR KHANA,,73,0313,
952,GAURIGANJ,GAURIGANJ,,73,0314,
953,SHAHGARGH,SHAHGARGH,,73,0314,
954,FURASATGANJ,FURASATGANJ,,73,0315,
955,Raebareli-DEEH (Extra Block),Raebareli-DEEH (Extra Block),,73,0315,
956,Raebareli-SALON(Extra Block),Raebareli-SALON(Extra Block),,73,0316,
957,BAZAR SHUKUL,BAZAR SHUKUL,,73,0316,
958,JAMON,JAMON,,73,0316,
959,AMETHI,AMETHI,,73,0214,
960,BHETUA,BHETUA,,73,0214,
961,SANGRAMPUR,SANGRAMPUR,,73,0214,
962,BHADAR,BHADAR,,73,0214,
963,Gopalganj,Gopalganj,,42,0,
964,Raebareli-Chhatoh/Nasirabad(Extra Block),Raebareli-Chhatoh/Nasirabad(Extra Block),,73,0316,
965,JAGDISHPUR,JAGDISHPUR,,73,0313,
966,GURSANDI,GURSANDI,,69,0300,
967,TILOI,TILOI,,73,0315,
968,SINGHPUR,SINGHPUR,,73,0315,
969,Bhojpur,Bhojpur,,4,0019,
970,Urban Health Centre,Urban Health Centre,,22,0095,
971,Urban Health Centre,Urban Health Centre,,26,0116,
972,Urban Health Centre,Urban Health Centre,,15,0066,
973,Garhmukteshwar,Garhmukteshwar,,76,0317,1131
974,SIMBHAWALI,SIMBHAWALI,,76,0317,1136
975,DHAULANA,DHAULANA,,76,0318,
976,Hapur,.,,76,0040,1132
977,Extra,Extra,,67,0296,
978,District Combined Hospital Farrukhabad,District Combined Hospital Farrukhabad,,29,0132,
979,District Combined Hospital Agra,District Combined Hospital Agra,,15,0066,
980,District Hospital,District Hospital,,47,0205,
981,District Male Hospital Firozabad,District Male  Hospital Firozabad,,16,0072,
982,District Women Hospital Firozabad,District Women Hospital Firozabad,,16,0072,
983,District Combined Hospital Firozabad,District Combined Hospital Firozabad,,16,0074,
984,District Male Hospital Agra,District Male Hospital Agra,,15,0066,
985,District Women Hospital Agra,District Women Hospital Agra,,15,0066,
986,District Combind Hospital,District Combind Hospital,,15,0,
987,District Male Hospital Aligarh,District Male Hospital Aligarh,,12,0055,
988,District Female  Hospital Aligarh,District Female  Hospital Aligarh,,12,0055,
989,District Combined Hospital Aligarh,District Combined Hospital Aligarh,,12,0055,
990,District Female  Hospital Allahabad,District Female  Hospital Allahabad,,45,0190,
991,District Combined Hospital Ambedkar Nagar,District Combined Hospital Ambedkar Nagar,,48,0210,
992,District Combined Hospital Auraiya,District Combined Hospital Auraiya,,32,0142,
993,District Male Hospital Azamgarh,District Male Hospital Azamgarh,,61,0266,
994,District Women Hospital Azamgarh,District Women Hospital Azamgarh,,61,0266,
995,District Male Hospital Unnao,District Male Hospital Unnao,,26,0116,
996,District Women Hospital Unnao,District Women Hospital Unnao,,26,0116,
997,District Male Hospital Bahraich,District Male Hospital Bahraich,,50,0221,
998,District Women Hospital Bahraich,District Women Hospital Bahraich,,50,0221,
999,District Male Hospital Ballia,District Male Hospital Ballia,,63,0278,
1000,District Women Hospital Ballia,District Women Hospital Ballia,,63,0278,
1001,District Male Hospital Balrampur,District Male Hospital Balrampur,,52,0225,
1002,District Women Hospital Balrampur,District Women Hospital Balrampur,,52,0225,
1003,District Combined Hospital Balrampur,District Combined Hospital Balrampur,,52,0225,
1004,District Male Hospital Bareilly,District Male Hospital Bareilly,,20,0087,
1005,District Women Hospital Bareilly,District Women Hospital Bareilly,,20,0087,
1006,District Male Hospital Barabanki,District Male Hospital Barabanki,,46,0198,
1007,District Women Hospital Barabanki,District Women Hospital Barabanki,,46,0198,
1008,District Male Hospital Basti,District Male Hospital Basti,,55,0239,
1009,District Women Hospital Basti,District Women Hospital Basti,,55,0239,
1010,District Combined Hospital Basti,District Combined Hospital Basti,,55,0239,
1011,District Male Hospital Budaun,District Male Hospital Budaun,,19,0082,
1012,District Women Hospital Budaun,District Women Hospital Budaun,,19,0082,
1013,District Male Hospital Bulandshare,District Male Hospital Bulandshare,,11,0046,
1014,District Women Hospital Bulandshare,District Women Hospital Bulandshare,,11,0046,
1015,District Combined Hospital Bulandshare,District Combined Hospital Bulandshare,,11,0045,
1016,District Combined Hospital Chandauli,District Combined Hospital Chandauli,,66,0293,
1017,District Women Hospital Chandauli,District Women Hospital Chandauli,,66,0294,
1018,District Combined Hospital Chitrakoot,District Combined Hospital Chitrakoot,,41,0175,
1019,District Male Hospital Balrampur,District Male Hospital Balrampur,,40,0171,
1020,District Women Hospital Balrampur,District Women Hospital Balrampur,,40,0171,
1021,District Male Hospital Bijnor,District Male Hospital Bijnor,,3,0013,
1022,District Women Hospital Bijnor,District Women Hospital Bijnor,,3,0013,
1023,District Male Hospital Deoria,District Male Hospital Deoria,,60,0259,
1024,District Women Hospital Deoria,District Women Hospital Deoria,,60,0259,
1025,District Male Hospital Faizabad,District Male Hospital Faizabad,,47,0205,
1026,District Women Hospital Faizabad,District Women Hospital Faizabad,,47,0205,
1027,District Combined Hospital Faizabad,District Combined Hospital Faizabad,,47,0205,
1028,District Male Hospital Fatehpur,District Male Hospital Fatehpur,,42,0178,
1029,District Women Hospital Fatehpur,District Women Hospital Fatehpur,,42,0178,
1030,District Combined Hospital Fatehpur,District Combined Hospital Fatehpur,,42,0178,
1031,District Male Hospital Ghazipur,District Male Hospital Ghazipur,,65,0289,
1032,District Women Hospital Ghazipur,District Women Hospital Ghazipur,,65,0289,
1033,District Male Hospital Gorakhpur,District Male Hospital Gorakhpur,,58,0250,
1034,District Women Hospital Gorakhpur,District Women Hospital Gorakhpur,,58,0250,
1035,District Male Hospital Jalaun,District Male Hospital Jalaun,,35,0152,
1036,District Women Hospital Jalaun,District Women Hospital Jalaun,,35,0152,
1037,District Male Hospital Jaunpur,District Male Hospital Jaunpur,,64,0284,
1038,District Women Hospital Jaunpur,District Women Hospital Jaunpur,,64,0284,
1039,District Male Hospital Hamirpur,District Male Hospital Hamirpur,,38,0164,
1040,District Women Hospital Hamirpur,District Women Hospital Hamirpur,,38,0164,
1041,District Male Hospital Hardoi,District Male Hospital Hardoi,,25,0111,
1042,District Women Hospital Hardoi,District Women Hospital Hardoi,,25,0111,
1043,District Combined Hospital Kanpur Dehat,District Combined Hospital Kanpur Dehat,,33,0145,
1044,District Combined Hospital Kanshiram Nagar,District Combined Hospital Kanshiram Nagar,,72,0310,
1045,District Combined Hospital Kaushambi,District Combined Hospital Kaushambi,,44,0186,
1046,District Male Hospital Lalitpur,District Male Hospital Lalitpur,,37,0162,
1047,District Women Hospital Lalitpur,District Women Hospital Lalitpur,,37,0163,
1048,District Male Hospital Lucknow,District Male Hospital Lucknow,,27,0121,
1049,District Women Hospital Lucknow,District Women Hospital Lucknow,,27,0121,
1050,District Combined Hospital Lucknow,District Combined Hospital Lucknow,,27,0121,
1051,BMC Hospital,BMC Hospital,,27,0121,
1052,District Male Hospital Etah,District Male Hospital Etah,,71,0308,
1053,District Women Hospital Etah,District Women Hospital Etah,,71,0308,
1054,District Combined Hospital Maharajganj,District Combined Hospital Maharajganj,,57,0247,
1055,District Male Hospital Mahoba,District Male Hospital Mahoba,,39,0170,
1056,District Women Hospital Mahoba,District Women Hospital Mahoba,,39,0170,
1057,District Male Hospital Mainpuri,District Male Hospital Mainpuri,,18,0075,
1058,District Women Hospital Mainpuri,District Women Hospital Mainpuri,,18,0075,
1059,District Male Hospital Mirzapur,District Male Hospital Mirzapur,,69,0300,
1060,District Women Hospital Mirzapur,District Women Hospital Mirzapur,,69,0300,
1061,District Male Hospital Moradabad,District Male Hospital Moradabad,,4,0019,
1062,District Women Hospital Moradabad,District Women Hospital Moradabad,,4,0019,
1063,District Male Hospital Pilibhit,District Male Hospital Pilibhit,,21,0090,
1064,District Women Hospital Pilibhit,District Women Hospital Pilibhit,,21,0090,
1065,District Male Hospital Muzaffarnagar,District Male Hospital Muzaffarnagar,,2,0008,
1066,District Women Hospital Muzaffarnagar,District Women Hospital Muzaffarnagar,,2,0008,
1067,District Male Hospital Pratapgarh,District Male Hospital Pratapgarh,,43,0182,
1068,District Women Hospital Pratapgarh,District Women Hospital Pratapgarh,,43,0182,
1069,District Male Hospital Rae Bareli,District Male Hospital Rae Bareli,,28,0125,
1070,District Women Hospital Rae Bareli,District Women Hospital Rae Bareli,,28,0125,
1071,District Male Hospital Rampur,District Male Hospital Rampur,,5,0026,
1072,District Women Hospital Rampur,District Women Hospital Rampur,,5,0026,
1073,District Male Hospital Saharanpur,District Male Hospital Saharanpur,,1,0002,
1074,District Women Hospital Saharanpur,District Women Hospital Saharanpur,,1,0002,
1075,District Combined Hospital Saharanpur,District Combined Hospital Saharanpur,,1,0002,
1076,District Male Hospital Farrukhabad,District Male Hospital Farrukhabad,,29,0132,
1077,District Women Hospital Farrukhabad,District Women Hospital Farrukhabad,,29,0132,
1078,District Male Hospital Etawah,District Male Hospital Etawah,,31,0138,
1079,District Women Hospital Etawah,District Women Hospital Etawah,,31,0138,
1080,District Combined Hospital Etawah,District Combined Hospital Etawah,,31,0138,
1081,District Male Hospital Ghaziabad,District Male Hospital Ghaziabad,,9,0039,
1082,District Women Hospital Ghaziabad,District Women Hospital Ghaziabad,,9,0039,
1083,District Combined Hospital Ghaziabad,District Combined Hospital Ghaziabad,,9,0039,
1084,District Male Hospital Gonda,District Male Hospital Gonda,,53,0228,
1085,District Women Hospital Gonda,District Women Hospital Gonda,,53,0228,
1086,District Combined Hospital Gonda,District Combined Hospital Gonda,,53,0228,
1087,District Combined Hospital SK Nagar,District Combined Hospital SK Nagar,,56,0242,
1088,District Male Hospital Shahjahanpur,District Male Hospital Shahjahanpur,,22,0095,
1089,District Women Hospital Shahjahanpur,District Women Hospital Shahjahanpur,,22,0095,
1090,District Male Hospital Sitapur,District Male Hospital Sitapur,,24,0104,
1091,District Women Hospital Sitapur,District Women Hospital Sitapur,,24,0104,
1092,District Combined Hospital Siddarthnagar,District Combined Hospital Siddarthnagar,,54,0233,
1093,District Combined Hospital Sultanpur,District Combined Hospital Sultanpur,,49,0215,
1094,District Combined Hospital Sonbhadra,District Combined Hospital Sonbhadra,,70,0305,
1095,District Male Hospital Jhansi,District Male Hospital Jhansi,,36,0160,
1096,District Women Hospital Jhansi,District Women Hospital Jhansi,,36,0160,
1097,District Combined Hospital Jhansi,District Combined Hospital Jhansi,,36,0160,
1098,District Combined Hospital Kannauj,District Combined Hospital Kannauj,,30,0134,
1099,District Combined Hospital JP Nagar,District Combined Hospital JP Nagar,,6,0030,
1100,District Male Hospital Kanpur Nagar,District Male Hospital Kanpur Nagar,,34,0149,
1101,District Women Hospital Kanpur Nagar,District Women Hospital Kanpur Nagar,,34,0149,
1102,District Combined Hospital Kanpur Nagar,District Combined Hospital Kanpur Nagar,,34,0149,
1103,District Combined Hospital Kushinagar,District Combined Hospital Kushinagar,,59,0255,
1104,District Combined Hospital GB Nagar,District Combined Hospital GB Nagar,,10,0043,
1105,District Male Hospital Kheri,District Male Hospital Kheri,,23,0101,
1106,District Women Hospital Kheri,District Women Hospital Kheri,,23,0101,
1107,District Male Hospital Mahamaya Nagar,District Male Hospital Mahamaya Nagar,,13,0059,
1108,District Women Hospital Mahamaya Nagar,District Women Hospital Mahamaya Nagar,,13,0059,
1109,District Male Hospital Mathura,District Male Hospital Mathura,,14,0064,
1110,District Women Hospital Mathura,District Women Hospital Mathura,,14,0064,
1111,District Combined Hospital Mathura,District Combined Hospital Mathura,,14,0064,
1112,District Combined Hospital SR Nagar,District Combined Hospital SR Nagar,,68,0298,
1113,District Male Hospital Meerut,District Male Hospital Meerut,,7,0034,
1114,District Women Hospital Meerut,District Women Hospital Meerut,,7,0034,
1115,District Combined Hospital Meerut,District Combined Hospital Meerut,,7,0034,
1116,District Combined Hospital Baghpat,District Combined Hospital Baghpat,,8,0036,
1117,District Male Hospital Mau,District Male Hospital Mau,,62,0273,
1118,District Women Hospital Mau,District Women Hospital Mau,,62,0273,
1119,District Male Hospital Varanasi,District Male Hospital Varanasi,,67,0296,
1120,District Women Hospital Varanasi,District Women Hospital Varanasi,,67,0296,
1121,District Combined Hospital Varanasi,District Combined Hospital Varanasi,,67,0296,
